,t,G,Gp,Gt,Il,Ip,I1,Id,Qsto1,Qsto2,Qgut,X,SRsH,H,XH,Isc1,Isc2,Hsc1,Hsc2,D_1,t_1,D_2,t_2,D_3,t_3,pump_iob_0,pump_elapsed_0,pump_iob_1,pump_elapsed_1,pump_iob_2,pump_elapsed_2,pump_iob_3,pump_elapsed_3,pump_iob
0,0.0,130.0,193.7,141.65189873417722,0.0,0.0,0.0,0.0,0.0,0.0,0.0,0.0,13.95,93.0,0.0,0.0,0.0,0.0,0.0,30000.0,0.0,0.0,240.0,0.0,660.0,0.0,0.0,0.0,0.0,0.0,0.0,0.0,0.0,0.0
1,1.0,130.0000025124342,193.70000374352696,141.6518988128106,0.0,0.0,0.0,0.0,9.568278573520869e-99,1.0009845990324442e-100,9.424188118615825e-103,0.0,13.950000329744602,93.00316605009648,0.0008754871302991314,0.0,0.0,0.0,0.0,30000.0,0.0,0.0,240.0,0.0,660.0,3.9800000190734863,0.0,0.0,0.0,0.0,0.0,0.0,0.0,3.9800000190734863
2,2.0,130.0000104398818,193.70001555542387,141.65189936862288,0.0,0.0,0.0,0.0,5.244139852695144e-97,6.0128669194807315e-99,6.733923913504572e-101,0.0,13.94999795122808,93.0058885326234,0.0019013515912903547,0.0,0.0,0.0,0.0,30000.0,0.0,0.0,240.0,0.0,660.0,3.9800000190734863,60.0,0.0,0.0,0.0,0.0,0.0,0.0,3.9800000190734863
3,3.0,130.00002429064867,193.70003619306652,141.65190088994268,0.0,0.0,0.0,0.0,2.9193584192096038e-95,3.1278330507160596e-97,3.4597840026068485e-99,0.0,13.949991345262754,93.00822578343868,0.00305481964572932,0.0,0.0,0.0,0.0,30000.0,0.0,0.0,240.0,0.0,660.0,3.9800000190734863,120.0,0.0,0.0,0.0,0.0,0.0,0.0,3.9800000190734863
4,4.0,130.00004438005064,193.70006612627543,141.65190386362372,0.0,0.0,0.0,0.0,1.6936958517436606e-93,2.0730968966773773e-95,2.1016660361217258e-97,0.0,13.94997945919454,93.01022690131627,0.004298154325826004,0.0,0.0,0.0,0.0,30000.0,0.0,0.0,240.0,0.0,660.0,3.9800000190734863,180.0,0.0,0.0,0.0,0.0,0.0,0.0,3.9800000190734863
5,5.0,130.0000707968743,193.7001054873427,141.65190875530453,0.0,0.0,0.0,0.0,8.88050773833488e-92,1.0571633268451127e-93,1.1638225281040707e-95,0.0,13.949961606635355,93.01193341542903,0.005591358026490885,0.0,0.0,0.0,0.0,30000.0,0.0,0.0,240.0,0.0,660.0,3.9800000190734863,240.0,0.0,0.0,0.0,0.0,0.0,0.0,3.9800000190734863
6,6.0,130.00010342638896,193.70015410531957,141.65191599249428,0.0,0.0,0.0,0.0,4.939188839867815e-90,5.7273150902492786e-92,6.416746583469005e-94,0.0,13.949937408511008,93.01338048660739,0.006898213080073948,0.0,0.0,0.0,0.0,30000.0,0.0,0.0,240.0,0.0,660.0,3.9800000190734863,300.0,0.0,0.0,0.0,0.0,0.0,0.0,3.9800000190734863
7,7.0,130.0001419763445,193.70021154475333,141.65192594386238,0.0,0.0,0.0,0.0,2.687061783339256e-88,3.000531600346698e-90,3.338017310158253e-92,0.0,13.949906761224133,93.0145986258181,0.008188397764307867,0.0,0.0,0.0,0.0,30000.0,0.0,0.0,240.0,0.0,660.0,3.9800000190734863,360.0,0.0,0.0,0.0,0.0,0.0,0.0,3.9800000190734863
8,8.0,130.0001860355435,193.70027719295982,141.6519389149935,0.0,0.0,0.0,0.0,1.4697510566435864e-86,1.6630388366185194e-88,1.8649748516766968e-90,0.0,13.94986977441845,93.01561398747994,0.00943779105776977,0.0,0.0,0.0,0.0,30000.0,0.0,0.0,240.0,0.0,660.0,3.9800000190734863,420.0,0.0,0.0,0.0,0.0,0.0,0.0,3.9800000190734863
9,9.0,130.00023511480413,193.70035032105815,141.65195514737144,0.0,0.0,0.0,0.0,7.889419639335682e-85,8.699205243233267e-87,9.926348880407346e-89,0.0,13.949826720845184,93.01644910864563,0.010627841866167765,0.0,0.0,0.0,0.0,30000.0,0.0,0.0,240.0,0.0,660.0,3.9800000190734863,480.0,0.0,0.0,0.0,0.0,0.0,0.0,3.9800000190734863
10,10.0,130.00028867147734,193.7004301205012,141.6519748133342,0.0,0.0,0.0,0.0,4.3900791625595364e-83,4.8378696141723424e-85,5.41682964372872e-87,0.0,13.949778002897956,93.01712380142068,0.011744897655230634,0.0,0.0,0.0,0.0,30000.0,0.0,0.0,240.0,0.0,660.0,3.9800000190734863,540.0,0.0,0.0,0.0,0.0,0.0,0.0,3.9800000190734863
11,11.0,130.0003461376672,193.70051574512414,141.65199801917674,0.0,0.0,0.0,0.0,2.4664855314616423e-81,2.8455728264026694e-83,2.996844086229447e-85,0.0,13.949724112263715,93.01765555755536,0.012779423202706069,0.0,0.0,0.0,0.0,30000.0,0.0,0.0,240.0,0.0,660.0,3.9800000190734863,600.0,0.0,0.0,0.0,0.0,0.0,0.0,3.9800000190734863
12,12.0,130.00040694058583,193.7006063414729,141.65202480907874,0.0,0.0,0.0,0.0,1.7365504079648467e-79,2.4943432987532226e-81,1.697264404330443e-83,0.0,13.949665597660177,93.01805992074452,0.01372529280573093,0.0,0.0,0.0,0.0,30000.0,0.0,0.0,240.0,0.0,660.0,3.9800000190734863,660.0,0.0,0.0,0.0,0.0,0.0,0.0,3.976468801498413
13,13.0,130.0004705169317,193.70070107022823,141.65205517100722,0.0,0.0,0.0,0.0,1.0977231012393429e-77,1.704348716586481e-79,1.1022978791527528e-81,0.0,13.949603038771292,93.01835082818783,0.014579121518465245,0.0,0.0,0.0,0.0,30000.0,0.0,0.0,240.0,0.0,660.0,3.9800000190734863,720.0,0.0,0.0,0.0,0.0,0.0,0.0,3.970686197280884
14,14.0,130.0005363223143,193.7007991202483,141.6520890429712,0.0,0.0,0.0,0.0,4.592346614460095e-76,3.5787130381484763e-78,4.0168655449578985e-80,0.0,13.949537027045821,93.01854087844683,0.015339720217230145,0.0,0.0,0.0,0.0,30000.0,0.0,0.0,240.0,0.0,660.0,3.9800000190734863,780.0,0.0,0.0,0.0,0.0,0.0,0.0,3.964334011077881
15,15.0,130.00060385721122,193.70089974724473,141.6521263180639,0.0,0.0,0.0,0.0,2.6498776399368534e-74,3.802805983666115e-76,3.0724338490980946e-78,0.0,13.949468131324396,93.01864107584525,0.016007798373822754,0.0,0.0,0.0,0.0,30000.0,0.0,0.0,240.0,0.0,660.0,3.9800000190734863,840.0,0.0,0.0,0.0,0.0,0.0,0.0,3.9574222564697266
16,16.0,130.00067264185458,193.7010022363633,141.65216685510973,0.0,0.0,0.0,0.0,1.3653261676486625e-72,1.8930024351436045e-74,1.6987159815886056e-76,0.0,13.949396914740294,93.01866176101159,0.016585236587114274,0.0,0.0,0.0,0.0,30000.0,0.0,0.0,240.0,0.0,660.0,3.9800000190734863,900.0,0.0,0.0,0.0,0.0,0.0,0.0,3.949960947036743
17,17.0,130.0007422356013,193.70110593104593,141.65221048023577,0.0,0.0,0.0,0.0,7.259188155430053e-71,9.869932066992721e-73,8.896888104523968e-75,0.0,13.949323911824157,93.01861227749473,0.017075058820652116,0.0,0.0,0.0,0.0,30000.0,0.0,0.0,240.0,0.0,660.0,3.9800000190734863,960.0,0.0,0.0,0.0,0.0,0.0,0.0,3.941960096359253
18,18.0,130.00081223798466,193.70121023459714,141.6522569950799,0.0,0.0,0.0,0.0,3.9330186017562335e-69,5.3071082348550984e-71,4.7628097096260885e-73,0.0,13.949249621789356,93.01850111338881,0.017481079906390563,0.0,0.0,0.0,0.0,30000.0,0.0,0.0,240.0,0.0,660.0,3.9800000190734863,1020.0,0.0,0.0,0.0,0.0,0.0,0.0,3.933429718017578
19,19.0,130.00088228812027,193.7013146092992,141.65230618235114,0.0,0.0,0.0,0.0,2.15720976687506e-67,2.9082383508903014e-69,2.5857194269623692e-71,0.0,13.94917450575235,93.01833600352235,0.017807687317440708,0.0,0.0,0.0,0.0,30000.0,0.0,0.0,240.0,0.0,660.0,3.9800000190734863,1080.0,0.0,0.0,0.0,0.0,0.0,0.0,3.924379587173462
20,20.0,130.0009520639666,193.7014185753102,141.65235781100378,0.0,0.0,0.0,0.0,1.195879078861064e-65,1.619101281631277e-67,1.4167331884973922e-69,0.0,13.949098984867318,93.0181240010457,0.018059663005333574,0.0,0.0,0.0,0.0,30000.0,0.0,0.0,240.0,0.0,660.0,3.9800000190734863,1140.0,0.0,0.0,0.0,0.0,0.0,0.0,3.9148197174072266
21,21.0,130.00102128104518,193.70152170875733,141.65241164090983,0.0,0.0,0.0,0.0,6.732976218178872e-64,9.218412809591473e-66,7.82509752129536e-68,0.0,13.949023439678879,93.0178715360541,0.018242038059070792,0.0,0.0,0.0,0.0,30000.0,0.0,0.0,240.0,0.0,660.0,3.9800000190734863,1200.0,0.0,0.0,0.0,0.0,0.0,0.0,3.904759407043457
22,22.0,130.00108969066986,193.70162363909807,141.65246742701285,0.0,0.0,0.0,0.0,3.340607835398006e-62,4.4124783022271126e-64,4.2612603690074967e-66,0.0,13.948948210524781,93.01758446647743,0.018359974599752384,0.0,0.0,0.0,0.0,30000.0,0.0,0.0,240.0,0.0,660.0,3.9800000190734863,1260.0,0.0,0.0,0.0,0.0,0.0,0.0,3.8942086696624756
23,23.0,130.00115707812532,193.70172404640672,141.6525249229568,0.0,0.0,0.0,0.0,2.0512154345431754e-60,2.8150436246459105e-62,2.318962764728459e-64,0.0,13.948873598387875,93.01726811869872,0.018418670620268446,0.0,0.0,0.0,0.0,30000.0,0.0,0.0,240.0,0.0,660.0,3.9800000190734863,1320.0,0.0,0.0,0.0,0.0,0.0,0.0,3.8831772804260254
24,24.0,130.0012232601807,193.70182265766923,141.6525838842434,0.0,0.0,0.0,0.0,1.0992243658478431e-58,1.5053353885544936e-60,1.3097577039084595e-62,0.0,13.948799866828054,93.01692733074775,0.018423283178244636,0.0,0.0,0.0,0.0,30000.0,0.0,0.0,240.0,0.0,660.0,3.9800000190734863,1380.0,0.0,0.0,0.0,0.0,0.0,0.0,3.8716745376586914
25,25.0,130.0012880829763,193.70191924363468,141.6526440708941,0.0,0.0,0.0,0.0,5.963018736943763e-57,8.129554330675689e-59,7.151438594043116e-61,0.0,13.948727243736759,93.01656648429366,0.018378868000206956,0.0,0.0,0.0,0.0,30000.0,0.0,0.0,240.0,0.0,660.0,3.9800000190734863,1440.0,0.0,0.0,0.0,0.0,0.0,0.0,3.8597095012664795
26,26.0,130.00135141960908,193.70201361521754,141.65270524969145,0.0,0.0,0.0,0.0,3.2528204655260795e-55,4.42824578054347e-57,3.9187615823931556e-59,0.0,13.948655923635789,93.01618953781761,0.01829033186757924,0.0,0.0,0.0,0.0,30000.0,0.0,0.0,240.0,0.0,660.0,3.9800000190734863,1500.0,0.0,0.0,0.0,0.0,0.0,0.0,3.847292423248291
27,27.0,130.0014131677967,193.70210562001708,141.65276719601297,0.0,0.0,0.0,0.0,1.778936816161285e-53,2.4223137942049503e-55,2.1523595870955804e-57,0.0,13.94858607004325,93.01580005640758,0.018162396133040097,0.0,0.0,0.0,0.0,30000.0,0.0,0.0,240.0,0.0,660.0,3.9800000190734863,1560.0,0.0,0.0,0.0,0.0,0.0,0.0,3.8344321250915527
28,28.0,130.0014732475898,193.7021951389088,141.6528296952985,0.0,0.0,0.0,0.0,9.738431231895481e-52,1.3276585207430624e-53,1.1833046154638812e-55,0.0,13.948517817906009,93.01540123964503,0.01799956939995472,0.0,0.0,0.0,0.0,30000.0,0.0,0.0,240.0,0.0,660.0,3.9800000190734863,1620.0,0.0,0.0,0.0,0.0,0.0,0.0,3.8211376667022705
29,29.0,130.00153159916246,193.70228208275205,141.65289254418818,0.0,0.0,0.0,0.0,5.330347780122697e-50,7.280103447223495e-52,6.50595899034044e-54,0.0,13.94845127603794,93.01499594785537,0.017806127846898452,0.0,0.0,0.0,0.0,30000.0,0.0,0.0,240.0,0.0,660.0,3.9800000190734863,1680.0,0.0,0.0,0.0,0.0,0.0,0.0,3.8074185848236084
30,30.0,130.00158818069912,193.7023663892417,141.65295555136433,0.0,0.0,0.0,0.0,2.914080553501785e-48,3.9883496744681526e-50,3.574625983989678e-52,0.0,13.94838652951984,93.01458672692827,0.017586101917199323,0.0,0.0,0.0,0.0,30000.0,0.0,0.0,240.0,0.0,660.0,3.9800000190734863,1740.0,0.0,0.0,0.0,0.0,0.0,0.0,3.7932841777801514
31,31.0,130.00164296639116,193.70244801992283,141.65301853813196,0.0,0.0,0.0,0.0,1.5893411950239196e-46,2.179768726681679e-48,1.961147378496788e-50,0.0,13.948323642029258,93.01417583185638,0.01734326829462303,0.0,0.0,0.0,0.0,30000.0,0.0,0.0,240.0,0.0,660.0,3.9800000190734863,1800.0,0.0,0.0,0.0,0.0,0.0,0.0,3.778743028640747
32,32.0,130.0016959476798,193.7025269620429,141.65308133937586,0.0,0.0,0.0,0.0,8.852276828594122e-45,1.2257878743581668e-46,1.0645271345404694e-48,0.0,13.94826265472866,93.01376524521004,0.017081173836430614,0.0,0.0,0.0,0.0,30000.0,0.0,0.0,240.0,0.0,660.0,3.9800000190734863,1860.0,0.0,0.0,0.0,0.0,0.0,0.0,3.7638044357299805
33,33.0,130.0017471226298,193.7026032127184,141.6531438025177,0.0,0.0,0.0,0.0,4.833325004494767e-43,6.720488642572965e-45,5.86669706045907e-47,0.0,13.948203597787728,93.01335670376204,0.016803047034416554,0.0,0.0,0.0,0.0,30000.0,0.0,0.0,240.0,0.0,660.0,3.9800000190734863,1920.0,0.0,0.0,0.0,0.0,0.0,0.0,3.748476982116699
34,34.0,130.00179650272344,193.7026767890579,141.6532057881531,0.0,0.0,0.0,0.0,2.6230470282971274e-41,3.655322918983451e-43,3.2071218533968685e-45,0.0,13.948146483537165,93.01295171907017,0.016511895065474576,0.0,0.0,0.0,0.0,30000.0,0.0,0.0,240.0,0.0,660.0,3.9800000190734863,1980.0,0.0,0.0,0.0,0.0,0.0,0.0,3.732769727706909
35,35.0,130.00184410866524,193.7027477219112,141.65326716982764,0.0,0.0,0.0,0.0,1.4109566040329856e-39,1.966694095030245e-41,1.7426192663407076e-43,0.0,13.948091311128238,93.01255159455833,0.016210475797583727,0.0,0.0,0.0,0.0,30000.0,0.0,0.0,240.0,0.0,660.0,3.9800000190734863,2040.0,0.0,0.0,0.0,0.0,0.0,0.0,3.716691732406616
36,36.0,130.00188996895392,193.70281605374134,141.6533278337213,0.0,0.0,0.0,0.0,7.498812488199859e-38,1.0412076886446403e-39,9.397272057358457e-42,0.0,13.948038068320708,93.01215744386445,0.015901305040564438,0.0,0.0,0.0,0.0,30000.0,0.0,0.0,240.0,0.0,660.0,3.9800000190734863,2100.0,0.0,0.0,0.0,0.0,0.0,0.0,3.7002511024475098
37,37.0,130.00193411848898,193.70288183654858,141.65338767816326,0.0,0.0,0.0,0.0,3.963862446146114e-36,5.436378023137044e-38,5.055589089556634e-40,0.0,13.947986733236565,93.01177020875711,0.015586665483915999,0.0,0.0,0.0,0.0,30000.0,0.0,0.0,240.0,0.0,660.0,3.9800000190734863,2160.0,0.0,0.0,0.0,0.0,0.0,0.0,3.6834568977355957
38,38.0,130.00197659698594,193.70294512950903,141.65344661270046,0.0,0.0,0.0,0.0,2.1707311669760894e-34,3.0028650324130188e-36,2.9844898757483764e-38,0.0,13.947937276363096,93.0113906791549,0.015268619159955008,0.0,0.0,0.0,0.0,30000.0,0.0,0.0,240.0,0.0,660.0,3.9800000190734863,2220.0,0.0,0.0,0.0,0.0,0.0,0.0,3.6663174629211426
39,39.0,130.00201744457846,193.70300599242188,141.65350455572963,0.0,0.0,0.0,0.0,1.1707821611654129e-32,1.6433023706544822e-34,1.610854224560511e-36,0.0,13.947889665631438,93.01101952326707,0.014949011108761266,0.0,0.0,0.0,0.0,30000.0,0.0,0.0,240.0,0.0,660.0,3.9800000190734863,2280.0,0.0,0.0,0.0,0.0,0.0,0.0,3.6488418579101562
40,40.0,130.00205664004093,193.70306439366098,141.65356139279265,0.0,0.0,0.0,0.0,7.111222163778382e-31,7.921986933492119e-33,8.077823245044649e-35,0.0,13.947843937077456,93.01065764782065,0.0146294984640441,0.0,0.0,0.0,0.0,30000.0,0.0,0.0,240.0,0.0,660.0,3.9800000190734863,2340.0,0.0,0.0,0.0,0.0,0.0,0.0,3.631037950515747
41,41.0,130.00209439452513,193.70312064784244,141.65361716849046,0.0,0.0,0.0,0.0,3.6674005833725707e-29,5.290700729927018e-31,4.8816019549491806e-33,0.0,13.94779986075696,93.01030458946848,0.014311581695323504,0.0,0.0,0.0,0.0,30000.0,0.0,0.0,240.0,0.0,660.0,3.9800000190734863,2400.0,0.0,0.0,0.0,0.0,0.0,0.0,3.6129138469696045
42,42.0,130.00213068597404,193.70317472210132,141.6536717919009,0.0,0.0,0.0,0.0,2.2503766271416126e-27,3.183488140926091e-29,2.765151136146822e-31,0.0,13.947757469502136,93.00996101100782,0.013996450573782588,0.0,0.0,0.0,0.0,30000.0,0.0,0.0,240.0,0.0,660.0,3.9800000190734863,2460.0,0.0,0.0,0.0,0.0,0.0,0.0,3.5944788455963135
43,43.0,130.00216556476192,193.70322669149525,141.65372522141823,0.0,0.0,0.0,0.0,1.2324881803433432e-25,1.816578717452862e-27,1.529624522434332e-29,0.0,13.947716713171022,93.00962714047961,0.01368521604523715,0.0,0.0,0.0,0.0,30000.0,0.0,0.0,240.0,0.0,660.0,3.9800000190734863,2520.0,0.0,0.0,0.0,0.0,0.0,0.0,3.575740337371826
44,44.0,130.00219908507705,193.7032766367648,141.65377742602664,0.0,0.0,0.0,0.0,6.854719348916553e-24,1.0415680002038025e-25,8.390406736321808e-28,0.0,13.947677535918633,93.0093031060637,0.01337883141393736,0.0,0.0,0.0,0.0,30000.0,0.0,0.0,240.0,0.0,660.0,3.9800000190734863,2580.0,0.0,0.0,0.0,0.0,0.0,0.0,3.556706666946411
45,45.0,130.00223130201144,193.70332463999705,141.65382838278208,0.0,0.0,0.0,0.0,3.8858000893345874e-22,6.0942345574346475e-24,4.6735461783611635e-26,0.0,13.947639879716258,93.00898896143293,0.013078107981681672,0.0,0.0,0.0,0.0,30000.0,0.0,0.0,240.0,0.0,660.0,3.9800000190734863,2640.0,0.0,0.0,0.0,0.0,0.0,0.0,3.537385940551758
46,46.0,130.00226227066284,193.70337078328762,141.65387807590096,0.0,0.0,0.0,0.0,2.247752333369654e-20,3.6540815909478383e-22,2.6477921510616755e-24,0.0,13.947603685497523,93.00868469715559,0.012783726169879564,0.0,0.0,0.0,0.0,30000.0,0.0,0.0,240.0,0.0,660.0,3.9800000190734863,2700.0,0.0,0.0,0.0,0.0,0.0,0.0,3.5177862644195557
47,47.0,130.00229204563374,193.70341514799426,141.6539264960623,0.0,0.0,0.0,0.0,1.322094881390178e-18,2.2454488640573415e-20,1.5196256779584915e-22,0.0,13.947568893844975,93.00839024965055,0.012496246628920033,0.0,0.0,0.0,0.0,30000.0,0.0,0.0,240.0,0.0,660.0,3.9800000190734863,2760.0,0.0,0.0,0.0,0.0,0.0,0.0,3.497915744781494
48,48.0,130.00232068067157,193.70345781420065,141.65397363978292,0.0,0.0,0.0,0.0,7.943895374332563e-17,1.424463454977e-18,8.834174927701853e-21,0.0,13.947535445507166,93.008105508983,0.01221612097146387,0.0,0.0,0.0,0.0,30000.0,0.0,0.0,240.0,0.0,660.0,3.9800000190734863,2820.0,0.0,0.0,0.0,0.0,0.0,0.0,3.4777817726135254
49,49.0,130.0023482283739,193.70349886027714,141.65401950883322,0.0,0.0,0.0,0.0,4.977490102321717e-15,9.549950765183631e-17,5.25855780479648e-19,0.0,13.947503281833097,93.00783032587393,0.011943701949686487,0.0,0.0,0.0,0.0,30000.0,0.0,0.0,240.0,0.0,660.0,3.9800000190734863,2880.0,0.0,0.0,0.0,0.0,0.0,0.0,3.457392692565918
50,50.0,130.0023747399805,193.70353836257092,141.65406410968924,0.0,0.0,0.0,0.0,3.3372542485148116e-13,6.999179087274914e-15,3.2470320554942364e-17,0.0,13.947472345100559,93.007564517917,0.011679253320808996,0.0,0.0,0.0,0.0,30000.0,0.0,0.0,240.0,0.0,660.0,3.9800000190734863,2940.0,0.0,0.0,0.0,0.0,0.0,0.0,3.436756134033203
51,51.0,130.0024002643364,193.7035763938612,141.65410745270526,0.0,0.0,0.0,0.0,1.486068233735283e-11,2.9275053084257477e-13,1.7831024526539494e-15,0.0,13.947442579794162,93.00730787976318,0.011422957787083694,0.0,0.0,0.0,0.0,30000.0,0.0,0.0,240.0,0.0,660.0,3.9800000190734863,3000.0,0.0,0.0,0.0,0.0,0.0,0.0,3.415879726409912
52,52.0,130.00242484815016,193.70361302374374,141.65414955150422,0.0,0.0,0.0,0.0,3.955428902050509e-10,5.209257621762445e-12,7.238340281542262e-14,0.0,13.947413932407661,93.00706018793441,0.011174930129797749,0.0,0.0,0.0,0.0,30000.0,0.0,0.0,240.0,0.0,660.0,3.9800000190734863,3060.0,0.0,0.0,0.0,0.0,0.0,0.0,3.394770860671997
53,53.0,130.00244853997248,193.703648324559,141.65419042520733,0.0,0.0,0.0,0.0,2.0553472078390147e-08,2.3827671363560066e-10,2.807026489409197e-12,0.0,13.947386346856511,93.00682117771343,0.010935217201181608,0.0,0.0,0.0,0.0,30000.0,0.0,0.0,240.0,0.0,660.0,3.9800000190734863,3120.0,0.0,0.0,0.0,0.0,0.0,0.0,3.3734371662139893
54,54.0,130.00247138318517,193.7036823609459,141.65423009279672,0.0,0.0,0.0,0.0,1.119659610290073e-06,1.2872934526908618e-08,1.4819195568263941e-10,0.0,13.947359772724843,93.00659059542978,0.010703823976983546,0.0,0.0,0.0,0.0,30000.0,0.0,0.0,240.0,0.0,660.0,3.9800000190734863,3180.0,0.0,0.0,0.0,0.0,0.0,0.0,3.351886510848999
55,55.0,130.00249341994402,193.7037151957166,141.65426857664062,0.0,0.0,0.0,0.0,6.112478327793045e-05,7.024732308753672e-07,8.074946389096703e-09,0.0,13.947334160693028,93.00636817051428,0.010480700569897507,0.0,0.0,0.0,0.0,30000.0,0.0,0.0,240.0,0.0,660.0,3.9800000190734863,3240.0,0.0,0.0,0.0,0.0,0.0,0.0,3.3301258087158203
56,56.0,130.00251469058244,193.70374688896786,141.6543059012456,0.0,0.0,0.0,0.0,0.003337267380531514,3.83523086665006e-05,4.4082181303104806e-07,0.0,13.94730946331942,93.00615362473866,0.01026575504068009,0.0,0.0,0.0,0.0,30000.0,0.0,0.0,240.0,0.0,660.0,3.9800000190734863,3300.0,0.0,0.0,0.0,0.0,0.0,0.0,3.3081626892089844
57,57.0,130.00253523446088,193.70377749934673,141.65434209278297,0.0,0.0,0.0,0.0,0.1822073915681919,0.0020939662084856502,2.4058694809682017e-05,0.0,13.947285635089903,93.00594667575409,0.01005886050919491,0.0,0.0,0.0,0.0,30000.0,0.0,0.0,240.0,0.0,660.0,3.9800000190734863,3360.0,0.0,0.0,0.0,0.0,0.0,0.0,3.2860045433044434
58,58.0,130.00255513777762,193.70380715528867,141.65437717997494,0.0,0.0,0.0,0.0,9.944881946175384,0.11466222932852926,0.00095965671431091,0.0,13.947262625532472,93.00574702226297,0.009859860252320484,0.0,0.0,0.0,0.0,30000.0,0.0,0.0,240.0,0.0,660.0,3.9800000190734863,3420.0,0.0,0.0,0.0,0.0,0.0,0.0,3.263658046722412
59,59.0,130.0025749689192,193.7038367036896,141.65441121078246,0.0,0.0,0.0,0.0,533.3298253412474,6.244046786376405,0.012586311871515432,0.0,13.947240288191491,93.00555417110338,0.009668564800752899,0.0,0.0,0.0,0.0,30000.0,0.0,0.0,240.0,0.0,660.0,3.9800000190734863,3480.0,0.0,0.0,0.0,0.0,0.0,0.0,3.241131067276001
60,60.0,130.00261906180666,193.7039024020919,141.65444481962288,0.0,0.0,0.0,0.0,14761.563405099176,237.8753398585895,0.5638075565931037,0.0,13.94721514933299,93.00535901594752,0.009484508659333401,0.0,0.0,0.0,0.0,30000.0,0.0,0.0,240.0,0.0,660.0,3.9800000190734863,3540.0,0.0,0.0,0.0,0.0,0.0,0.0,3.2184300422668457
61,61.0,130.00455705771944,193.70679001600195,141.6545271393497,0.0,0.0,0.0,0.0,28097.247278822662,1331.200977402163,31.64238008935398,0.0,13.946905124961011,93.00458574883386,0.009288842775291283,0.0,0.0,0.0,0.0,30000.0,0.0,0.0,240.0,0.0,660.0,3.9800000190734863,3600.0,0.0,0.0,0.0,0.0,0.0,0.0,3.1955623626708984
62,62.0,130.0168139918162,193.72505284780615,141.65519505410987,0.0,0.0,0.0,0.0,27331.665461394157,2536.5881928372155,119.74535372278248,0.0,13.943515728303892,93.00108723877582,0.008924071729437669,0.0,0.0,0.0,0.0,30000.0,0.0,0.0,240.0,0.0,660.0,3.9800000190734863,3660.0,0.0,0.0,0.0,0.0,0.0,0.0,3.172534465789795
63,63.0,130.04802984157644,193.7715644639489,141.65777722164944,0.0,0.0,0.0,0.0,26099.372055255837,3635.726489094561,258.52018448496386,0.0,13.93121159217477,92.99052444830387,0.008161084001997694,0.0,0.0,0.0,0.0,30000.0,0.0,0.0,240.0,0.0,660.0,3.9800000190734863,3720.0,0.0,0.0,0.0,0.0,0.0,0.0,3.149353504180908
64,64.0,130.10530766192335,193.85690841626578,141.66422126595242,0.0,0.0,0.0,0.0,24913.71096305446,4630.291304726271,441.8229879086402,0.0,13.903013354220343,92.96276028258315,0.007135344756324136,0.0,0.0,0.0,0.0,30000.0,0.0,0.0,240.0,0.0,660.0,3.9800000190734863,3780.0,0.0,0.0,0.0,0.0,0.0,0.0,3.1260266304016113
65,65.0,130.1943798034082,193.9896259070782,141.67690782831434,0.0,0.0,0.0,0.0,23781.750288623498,5527.504039346806,663.9270686409525,0.0,13.851979278596442,92.9022270926684,0.006141382176758724,0.0,0.0,0.0,0.0,30000.0,0.0,0.0,240.0,0.0,660.0,3.9800000190734863,3840.0,0.0,0.0,0.0,0.0,0.0,0.0,3.102560043334961
66,66.0,130.3197881216296,194.17648430122813,141.69849636962797,0.0,0.0,0.0,0.0,22701.218328431994,6334.283110124776,919.5292800010897,0.0,13.771789544749437,92.78926025540954,0.005259092558436727,0.0,0.0,0.0,0.0,30000.0,0.0,0.0,240.0,0.0,660.0,3.9800000190734863,3900.0,0.0,0.0,0.0,0.0,0.0,0.0,3.078960657119751
67,67.0,130.4850411830259,194.4227113627086,141.73179899319345,0.0,0.0,0.0,0.0,21669.78147763187,7057.166017690813,1203.715707035192,0.0,13.656997377689422,92.601444951448,0.004494246454321055,0.0,0.0,0.0,0.0,30000.0,0.0,0.0,240.0,0.0,660.0,3.9800000190734863,3960.0,0.0,0.0,0.0,0.0,0.0,0.0,3.0552351474761963
68,68.0,130.69275030486037,194.73219795424194,141.77967847777694,0.0,0.0,0.0,0.0,20685.209014675267,7702.339956528708,1511.9256642648375,0.0,13.503101924150329,92.31487191868682,0.0038368097371703725,0.0,0.0,0.0,0.0,30000.0,0.0,0.0,240.0,0.0,660.0,3.9800000190734863,4020.0,0.0,0.0,0.0,0.0,0.0,0.0,3.0313897132873535
69,69.0,130.9447470360337,195.1076730836902,141.8449668733282,0.0,0.0,0.0,0.0,19745.371277774266,8275.676250199469,1839.914268593433,0.0,13.30652859363401,91.90522269011099,0.003273777881939112,0.0,0.0,0.0,0.0,30000.0,0.0,0.0,240.0,0.0,660.0,3.9800000190734863,4080.0,0.0,0.0,0.0,0.0,0.0,0.0,3.0074307918548584
70,70.0,131.2421795937367,195.5508475946677,141.93040044669755,0.0,0.0,0.0,0.0,18848.235526187847,8782.765266279248,2183.7151369013663,0.0,13.064571469850758,91.34866064839888,0.0027924775472658956,0.0,0.0,0.0,0.0,30000.0,0.0,0.0,240.0,0.0,660.0,3.9800000190734863,4140.0,0.0,0.0,0.0,0.0,0.0,0.0,2.983365297317505
71,71.0,131.5855964426571,196.06253869955907,142.0385680286509,0.0,0.0,0.0,0.0,17991.861469589185,9228.954954712694,2539.600258034591,0.0,12.775315767639547,90.62253903505676,0.0023814583974878646,0.0,0.0,0.0,0.0,30000.0,0.0,0.0,240.0,0.0,660.0,3.9800000190734863,4200.0,0.0,0.0,0.0,0.0,0.0,0.0,2.9591989517211914
72,72.0,131.97501410814314,196.64277102113329,142.17187094523658,0.0,0.0,0.0,0.0,17174.39702728077,9619.391259591352,2904.038798278697,0.0,12.437559308334167,89.70593177606642,0.0020306671081088824,0.0,0.0,0.0,0.0,30000.0,0.0,0.0,240.0,0.0,660.0,3.9800000190734863,4260.0,0.0,0.0,0.0,0.0,0.0,0.0,2.934938669204712
73,73.0,132.40997152169552,197.29085756732633,142.33249181582448,0.0,0.0,0.0,0.0,16394.074299331893,9959.059805951203,3273.655396123169,0.0,12.050739757544772,88.5800205643845,0.0017313907212874768,0.0,0.0,0.0,0.0,30000.0,0.0,0.0,240.0,0.0,660.0,3.9800000190734863,4320.0,0.0,0.0,0.0,0.0,0.0,0.0,2.9105894565582275
74,74.0,132.88957235359075,198.00546280685023,142.52237039726296,0.0,0.0,0.0,0.0,15649.205727038201,10252.827064231751,3645.189735129257,0.0,11.614870931270177,87.22836451960308,0.001476127426496682,0.0,0.0,0.0,0.0,30000.0,0.0,0.0,240.0,0.0,660.0,3.9800000190734863,4380.0,0.0,0.0,0.0,0.0,0.0,0.0,2.8861587047576904
75,75.0,133.4125168990703,198.78465017961477,142.74318485042443,0.0,0.0,0.0,0.0,14938.180434515609,10505.477557890343,4015.460775107551,0.0,11.130489534866426,85.63707800023785,0.00125844154035074,0.0,0.0,0.0,0.0,30000.0,0.0,0.0,240.0,0.0,660.0,3.9800000190734863,4440.0,0.0,0.0,0.0,0.0,0.0,0.0,2.861651659011841
76,76.0,133.97712566476753,199.6259172405036,142.9963371063783,0.0,0.0,0.0,0.0,14259.460740493996,10721.741690198392,4381.340913422194,0.0,10.59861221689825,83.79493911290238,0.0010728237203190896,0.0,0.0,0.0,0.0,30000.0,0.0,0.0,240.0,0.0,660.0,3.9800000190734863,4500.0,0.0,0.0,0.0,0.0,0.0,0.0,2.8370745182037354
77,77.0,134.58135768258185,200.52622294704696,143.28294135570653,0.0,0.0,0.0,0.0,13611.578830674456,10906.306770049594,4739.747199382744,0.0,10.020701637443606,81.69344763419667,0.0009145638369039277,0.0,0.0,0.0,0.0,30000.0,0.0,0.0,240.0,0.0,660.0,3.9800000190734863,4560.0,0.0,0.0,0.0,0.0,0.0,0.0,2.8124337196350098
78,78.0,135.22282767242046,201.48201323190648,143.60381509589507,0.0,0.0,0.0,0.0,12993.133582333368,11063.802720749482,5087.657641726528,0.0,9.39863910541643,79.32684669813735,0.0007796384681481085,0.0,0.0,0.0,0.0,30000.0,0.0,0.0,240.0,0.0,660.0,3.9800000190734863,4620.0,0.0,0.0,0.0,0.0,0.0,0.0,2.787733793258667
79,79.0,135.89882720254286,202.48925253178885,143.95947265087295,0.0,0.0,0.0,0.0,12402.787533745479,11198.7551167683,5422.159312005599,0.0,8.73470017750256,76.69211777349392,0.0006646127512471878,0.0,0.0,0.0,0.0,30000.0,0.0,0.0,240.0,0.0,660.0,3.9800000190734863,4680.0,0.0,0.0,0.0,0.0,0.0,0.0,2.762982130050659
80,80.0,136.60635545908755,203.54346963404043,144.3501215899087,0.0,0.0,0.0,0.0,11839.263991582086,11315.502940860872,5740.530092842237,0.0,8.031528592030622,73.78895326922645,0.0005665554526370308,0.0,0.0,0.0,0.0,30000.0,0.0,0.0,240.0,0.0,660.0,3.9800000190734863,4740.0,0.0,0.0,0.0,0.0,0.0,0.0,2.73818302154541
81,81.0,137.34216452683123,204.63982514497854,144.7756629364725,0.0,0.0,0.0,0.0,11301.34426985005,11418.087035987213,6040.347387178079,0.0,7.292103396563369,70.61970590289445,0.00048296583461493903,0.0,0.0,0.0,0.0,30000.0,0.0,0.0,240.0,0.0,660.0,3.9800000190734863,4800.0,0.0,0.0,0.0,0.0,0.0,0.0,2.7133424282073975
82,82.0,138.10282178101883,205.77320445371805,145.23569634395005,0.0,0.0,0.0,0.0,10787.865054266606,11510.125646305216,6319.606955290706,0.0,6.519694577018815,67.18930943525953,0.00041171087326777756,0.0,0.0,0.0,0.0,30000.0,0.0,0.0,240.0,0.0,660.0,3.9800000190734863,4860.0,0.0,0.0,0.0,0.0,0.0,0.0,2.688466787338257
83,83.0,138.8847882603821,206.93833450796933,145.7295313929527,0.0,0.0,0.0,0.0,10297.71588628243,11594.701364991593,6576.827605208239,0.0,5.717804230612056,63.50516249083539,0.0003509714707514718,0.0,0.0,0.0,0.0,30000.0,0.0,0.0,240.0,0.0,660.0,3.9800000190734863,4920.0,0.0,0.0,0.0,0.0,0.0,0.0,2.663560390472412
84,84.0,139.68450769268318,208.12991646209795,146.25620576655115,0.0,0.0,0.0,0.0,9829.836761314704,11674.284546648176,6811.117298902588,0.0,4.890093245781738,59.57696690725222,0.0002991964359498368,0.0,0.0,0.0,0.0,30000.0,0.0,0.0,240.0,0.0,660.0,3.9800000190734863,4980.0,0.0,0.0,0.0,0.0,0.0,0.0,2.638629913330078
85,85.0,140.49849764083908,209.34276148485023,146.81451034003723,0.0,0.0,0.0,0.0,9383.215836081774,11750.710052970817,7022.184903188904,0.0,4.040296907604516,55.4165148533545,0.0002550631488134966,0.0,0.0,0.0,0.0,30000.0,0.0,0.0,240.0,0.0,660.0,3.9800000190734863,5040.0,0.0,0.0,0.0,0.0,0.0,0.0,2.6136796474456787
86,86.0,141.32343325752169,210.5719155537073,147.40302036243446,0.0,0.0,0.0,0.0,8956.887240183449,11825.210147630576,7210.296070641118,0.0,3.1721358695777266,51.03742443688248,0.0002174439603260186,0.0,0.0,0.0,0.0,30000.0,0.0,0.0,240.0,0.0,660.0,3.9800000190734863,5100.0,0.0,0.0,0.0,0.0,0.0,0.0,2.588715076446533
87,87.0,142.15621566737178,211.81276134438394,148.0201311478336,0.0,0.0,0.0,0.0,8549.928987258803,11898.492645655133,7376.185317636704,0.0,2.28923139015829,46.454830667898655,0.0001853775058276255,0.0,0.0,0.0,0.0,30000.0,0.0,0.0,240.0,0.0,660.0,3.9800000190734863,5160.0,0.0,0.0,0.0,0.0,0.0,0.0,2.56374192237854
88,88.0,142.99401996812466,213.06108975250575,148.66409625262565,0.0,0.0,0.0,0.0,8161.460930975712,11970.845578002723,7520.943916951457,0.0,1.4050752583741102,41.68574353120005,0.00015804411919796807,0.0,0.0,0.0,0.0,30000.0,0.0,0.0,240.0,0.0,660.0,3.9800000190734863,5220.0,0.0,0.0,0.0,0.0,0.0,0.0,2.538764715194702
89,89.0,143.83432378221332,214.31314243549784,149.33306399495936,0.0,0.0,0.0,0.0,7790.64151218818,12042.247860698631,7645.9056872284245,0.0,0.7946267145752675,36.86679766726965,0.00013474509849793282,0.0,0.0,0.0,0.0,30000.0,0.0,0.0,240.0,0.0,660.0,3.9800000190734863,5280.0,0.0,0.0,0.0,0.0,0.0,0.0,2.513788938522339
90,90.0,144.6749135454613,215.56562118273732,150.02512043506965,0.0,0.0,0.0,0.0,7436.670429911536,12112.472192425763,7752.536646553138,0.0,0.44938966965191096,32.29004951729236,0.00011488542967132601,0.0,0.0,0.0,0.0,30000.0,0.0,0.0,240.0,0.0,660.0,3.9800000190734863,5340.0,0.0,0.0,0.0,0.0,0.0,0.0,2.4888193607330322
91,91.0,145.51387846873752,216.81567891841888,150.73831687652535,0.0,0.0,0.0,0.0,7098.782172951388,12181.170640267721,7842.354421149913,0.0,0.2541462571317007,28.10816652128811,9.795772090826505e-05,0.0,0.0,0.0,0.0,30000.0,0.0,0.0,240.0,0.0,660.0,3.9800000190734863,5400.0,0.0,0.0,0.0,0.0,0.0,0.0,2.4638612270355225
92,92.0,146.34959261000014,218.0608929889002,151.4707019653609,0.0,0.0,0.0,0.0,6776.2460113723,12247.939919235438,7916.86236429509,0.0,0.14372970171409,24.371565600486637,8.35293916173053e-05,0.0,0.0,0.0,0.0,30000.0,0.0,0.0,240.0,0.0,660.0,3.9800000190734863,5460.0,0.0,0.0,0.0,0.0,0.0,0.0,2.4389193058013916
93,93.0,147.1806903761509,219.29922866046485,152.2203471063197,0.0,0.0,0.0,0.0,6468.364416266848,12312.367804863437,7977.505593429894,0.0,0.08128551087011483,21.077840329620873,7.123161611566841e-05,0.0,0.0,0.0,0.0,30000.0,0.0,0.0,240.0,0.0,660.0,3.9800000190734863,5520.0,0.0,0.0,0.0,0.0,0.0,0.0,2.4139981269836426
94,94.0,148.00603873590862,220.52899771650382,152.9853673345001,0.0,0.0,0.0,0.0,6174.47155124488,12374.063599865156,8025.643713292538,0.0,0.04597121392746957,18.19901749584716,6.074993564923086e-05,0.0,0.0,0.0,0.0,30000.0,0.0,0.0,240.0,0.0,660.0,3.9800000190734863,5580.0,0.0,0.0,0.0,0.0,0.0,0.0,2.3891026973724365
95,95.0,148.82470865661128,221.7488158983508,153.76393783916555,0.0,0.0,0.0,0.0,5893.931832469473,12432.676295809595,8062.5362491730975,0.0,0.025999728934813865,15.696371903022206,5.181625890362034e-05,0.0,0.0,0.0,0.0,30000.0,0.0,0.0,240.0,0.0,660.0,3.9800000190734863,5640.0,0.0,0.0,0.0,0.0,0.0,0.0,2.3642373085021973
96,96.0,149.635947464284,222.95756172178312,154.55430651355826,0.0,0.0,0.0,0.0,5626.138554120494,12487.903843027689,8089.337131022187,0.0,0.014705094458843727,13.528288313884772,4.420203786183955e-05,0.0,0.0,0.0,0.0,30000.0,0.0,0.0,240.0,0.0,660.0,3.9800000190734863,5700.0,0.0,0.0,0.0,0.0,0.0,0.0,2.3394076824188232
97,97.0,150.4391531628491,224.15433821264514,155.3548029984941,0.0,0.0,0.0,0.0,5370.512576311318,12539.49635570736,8107.095232117216,0.0,0.008317503354396884,11.654263213179084,3.771244490057511e-05,0.0,0.0,0.0,0.0,30000.0,0.0,0.0,240.0,0.0,660.0,3.9800000190734863,5760.0,0.0,0.0,0.0,0.0,0.0,0.0,2.3146166801452637
98,98.0,151.23385125349373,225.33843836770563,156.1638447201487,0.0,0.0,0.0,0.0,5126.501072620851,12587.255415915593,8116.758689607351,0.0,0.0047050126176699045,10.036785415401146,3.218140456673557e-05,0.0,0.0,0.0,0.0,30000.0,0.0,0.0,240.0,0.0,660.0,3.9800000190734863,5820.0,0.0,0.0,0.0,0.0,0.0,0.0,2.289870023727417
99,99.0,152.01967425191646,226.5093146353555,156.97994041384607,0.0,0.0,0.0,0.0,4893.576334532246,12631.031040928427,8119.18137813014,0.0,0.0026619413020053584,8.642070373466575,2.7467355257437878e-05,0.0,0.0,0.0,0.0,30000.0,0.0,0.0,240.0,0.0,660.0,3.9800000190734863,5880.0,0.0,0.0,0.0,0.0,0.0,0.0,2.265172004699707
100,100.0,152.7963438789913,227.66655237969707,157.80169159191686,0.0,0.0,0.0,0.0,4671.234630193226,12670.7173941821,8115.130422916191,0.0,0.001506437905461817,7.440192079494817,2.3449634167956292e-05,0.0,0.0,0.0,0.0,30000.0,0.0,0.0,240.0,0.0,660.0,3.9800000190734863,5940.0,0.0,0.0,0.0,0.0,0.0,0.0,2.2405264377593994
