,t,D1,D2,S1,S2,Q1,Q2,I,x1,x2,x3,C,G
0,0.0,-3.2963002251921286e-26,-6.592600450290218e-26,353.65000008045257,353.65000008045257,65.445463328,26.345984778119174,5.5469289177560155,0.0284002760589108,0.004548481712559932,0.2884403037233128,5.84334494,105.18020892
1,1.0,263.36093839112056,3.278295049547608,2676.043355848181,374.69868926289183,65.47269187842898,26.346176521618048,5.561650029889035,0.02840038981009037,0.004548661854598747,0.2884460513219907,5.8433887956069235,105.18020892
2,2.0,256.8585360002276,9.618812701168638,2627.8276879179302,415.72620795636584,65.63175826211763,26.34878121006701,5.645011426232447,0.028401920566323,0.004551056833242146,0.2885229787091686,5.843982333994166,105.18099832092463
3,3.0,250.51668307675166,15.644227503309725,2605.254850774744,455.3781688466553,65.93835254981495,26.35772290082005,5.799072181933466,0.02840711195665874,0.0045590491343585485,0.2887819889143041,5.846009783372844,105.19168201189498
4,4.0,244.3314150436301,21.366235188035002,2558.3146650736826,493.68808376352246,66.38048291081644,26.37656947103771,6.012125427118113,0.028417923670387524,0.004575399860579469,0.2893170957276017,5.850259024879578,105.2281761007112
5,5.0,238.29886542682587,26.79614586041004,2512.2202462507134,530.4696327865378,66.94679654264124,26.408386593592116,6.273582597086397,0.028435963986394187,0.004602179859691433,0.29020249200365095,5.857389162402833,105.3046624478324
6,6.0,232.41526342973356,31.94489564637342,2466.9563550956927,565.7654557710915,67.62655742878648,26.45579009604017,6.5741582861203645,0.028462526367901003,0.004640863824742623,0.2914948679860107,5.867943502395558,105.43300492325099
7,7.0,226.67693139097136,36.8230586441295,2422.508027154864,599.617151895482,68.40962127810528,26.52099430345146,6.905849231957623,0.028498632234404516,0.004692428751114404,0.2932359800959952,5.882361506121948,105.62298304312006
8,8.0,221.080282580477,41.4408582731819,2403.63458588416,632.289913905351,69.2864086053331,26.605856212517086,7.261924176235828,0.028545070570371218,0.004757442062211521,0.29545499685447574,5.900989766891435,105.88250711019506
9,9.0,215.62181806384592,45.808178436349905,2360.327197498721,663.8123846495786,70.2478789976534,26.711914481207014,7.637039073992383,0.028602442174936,0.004836152656788407,0.2981710274559815,5.924091874275897,106.21781580404583
10,10.0,210.29812607942083,49.93457330102492,2317.800117836609,693.9936549017207,71.28549959283103,26.84042655700234,8.026138749196704,0.028671186652670645,0.0049285490189374765,0.30139470494013826,5.951857777303557,106.63365373696614
11,11.0,205.10587876913635,53.82927818422582,2276.0392861391797,722.8718250142504,72.39122062012102,26.992399302139216,8.424748405493819,0.028751593876372956,0.005034391182186535,0.3051289703959222,5.984411929700127,107.13343999146403
12,12.0,200.04183049133815,57.501219118589965,2235.030895240037,750.4840572736981,73.55745025345948,27.1686169602027,8.829046157475043,0.028843825171766264,0.005153255585048883,0.3093703169750942,6.021820893431565,107.7194147346023
13,13.0,195.10281589787283,60.959023505178784,2219.535351496071,777.0912542153047,74.77702892094557,27.36966594619489,9.235934686376048,0.02894793412843369,0.005284576721050592,0.3141099807717227,6.064100237351117,108.39277608176818
14,14.0,190.2857477143916,64.21102489868618,2179.5450502205895,802.7177171664262,76.04321459565634,27.59595507592804,9.643225622164726,0.02906389426937032,0.0054276988294657625,0.31933547557805414,6.111220691515772,109.15380427232012
15,15.0,185.5876150578186,67.26527941013067,2140.2752880021635,827.168444826445,77.34964638566738,27.84773722623415,10.048605175637215,0.02919161191416155,0.005581898318296004,0.3250312861269103,6.163113976325844,110.00197244728389
16,16.0,181.00548142688217,70.1295693936099,2101.7130827591955,850.4774855848761,78.69033368432123,28.125124315465246,10.449978082409741,0.029330925114233547,0.005746386808749315,0.3311789089424959,6.2196777996378065,110.9360515738652
17,17.0,176.53648285468716,72.8114134023499,2063.845686506993,872.6780422623758,80.05963558953339,28.428102220733653,10.845587104261712,0.029481614028870964,0.005920330135253023,0.33775743498535465,6.28078054030877,111.95420039348052
18,18.0,172.17782734313963,75.3180735413871,2051.434490660402,894.0271903692002,81.4522425975113,28.756543856628106,11.234126695878984,0.029643412368303937,0.006102868028945636,0.344744171622692,6.346265456142296,113.05404972555786
19,19.0,167.92678823112098,77.65656724111163,2014.4730233158566,914.5453648787068,82.86316508416965,29.110219287236713,11.6149576962326,0.02981602668008273,0.006293146525360855,0.35211567444261505,6.415954485886947,114.23277821056134
20,20.0,163.78070952349515,79.83366994815603,1978.1775247960732,934.0339191427563,84.28770854409456,29.488808206966958,11.987112119160326,0.029999142182493378,0.006490324447175937,0.35984801438703,6.489651682668821,115.48718074596505
21,21.0,159.7369997630245,81.85592568134936,1942.5359962977795,952.5232947227961,85.72146482979173,29.89190757260043,12.349658335980706,0.030192415518114583,0.0066935624118734886,0.3679164474070006,6.5671463107949055,116.81373028803878
22,22.0,155.79313144755608,83.72965375672199,1907.5366550509714,970.0431707756942,87.16029819423572,30.319039754128884,12.701845555357975,0.030395479686743984,0.006902029893872889,0.3762956719184837,6.648215633742968,118.2086335943083
23,23.0,151.94664307537914,85.46095087597045,1897.941771076548,986.8472327376278,88.6003330947412,30.769660448602078,13.043238572665013,0.030607951073392897,0.007114915047087868,0.38496018311870916,6.7326275374240865,119.66788140737341
24,24.0,148.19512329294062,87.05571802038705,1863.7459445111795,1002.9524416113642,90.03794326880806,31.243161946662088,13.373947653961304,0.030829443565829864,0.007331447175115084,0.39388501439493984,6.820142368220607,121.18729567363356
25,25.0,144.53623050201142,88.51963728817286,1830.166256311962,1018.156922744079,91.46973803051189,31.738884536852908,13.693652745332038,0.03105957240390687,0.007550897736157588,0.4030458661015949,6.910515620858218,122.76256262797092
26,26.0,140.96767763607002,89.85819804701626,1797.1916047153813,1032.4879069340654,92.89255233957097,32.256118691784344,14.001979497807032,0.03129794284421379,0.007772561811948219,0.41241854696865066,7.003499310345121,124.38928117544793
27,27.0,137.48723407148353,91.07669839567406,1764.8110878085693,1045.9719363718862,94.30343781599755,32.79411069470498,14.298656161187743,0.03154415264967714,0.007995760197991841,0.4219790866147278,7.098843708818047,126.06298758621217
28,28.0,134.09273073678148,92.18024212025499,1757.787763545634,1058.8596905689235,95.69965362360504,33.35206875653075,14.583659129760786,0.03179779710174676,0.00821984491183756,0.43170396443833225,7.196299009329523,127.77918675872485
29,29.0,130.78203301986872,93.17378128119942,1726.1172398877895,1071.1650124402413,97.07865849897227,33.929161155977056,14.857449418324142,0.03205847987287801,0.008444217329675015,0.44157069654044134,7.295615760391674,129.53338216793142
30,30.0,127.5530775753532,94.06206678699512,1695.017350486424,1082.6831671947295,98.43810001296681,34.524530414906266,15.120008132313329,0.0323258168881286,0.00866832690190367,0.4515579202122081,7.39654736803933,131.32108368705013
31,31.0,124.40384601406022,94.84969071611309,1664.4778128812995,1093.4385276886394,99.77580620750649,35.13729080249756,15.37121690515996,0.032599422319390774,0.008891649463924449,0.4616447122705685,7.498850165162892,133.13785262470793
32,32.0,121.33236977333374,95.54108255175808,1634.4885298003398,1103.4548441026493,101.0897790717525,35.76653336656145,15.611021259555354,0.032878910027696905,0.00911368730967701,0.471810636781191,7.602284544912039,134.97930297293206
33,33.0,118.33673827681952,96.14050159926182,1629.8132773264047,1112.980122031011,102.37818646594147,36.41133162846392,15.8395819308796,0.03316389771492238,0.009333972933640682,0.48203591648010174,7.706616022652103,136.84112180841672
34,34.0,115.41506044086809,96.65209373378825,1600.448587282387,1122.0254282669598,103.63935906658051,37.07073544138808,16.05751307016048,0.03345401568467504,0.009552085785382266,0.4923019431543732,7.811614741274253,138.71908840773784
35,35.0,112.56551900565486,97.07981813925417,1571.6129798155682,1130.383483508245,104.87177678084004,37.74378936018373,16.264925851346717,0.03374891146141053,0.009767649660386447,0.5025913478868392,7.917057953466245,140.60906534293656
36,36.0,109.78633277354788,97.42750456119748,1543.2969211327559,1138.0761181606215,106.07406434379739,38.429525705057635,16.46180934200633,0.03404823399670408,0.009980310277884668,0.5128872600979418,8.022729173820478,142.50704316239242
37,37.0,107.07576453066409,97.69884474085731,1515.491049238304,1145.1245989986799,107.24498560465646,39.12696973921733,16.64819756799447,0.03435163471791757,0.010189734583626006,0.5231733268231993,8.128418960171397,144.4091251287686
38,38.0,104.43213165541532,97.89738141034469,1512.9598039907037,1151.7745471367577,108.38343541766531,39.83514535186209,16.824324168383075,0.03465877135193114,0.01039561385468724,0.5334338586643014,8.233925582895777,146.31154128308515
39,39.0,101.85375840785413,98.02657542737187,1485.700545038479,1158.0345759223708,109.48844258333884,40.553065124896946,16.99085952816026,0.034969315328241324,0.010597680568541375,0.5436543086772205,8.339053973101384,148.210660492124
40,40.0,99.33904463933942,98.08971449409322,1458.9324286148878,1163.6951354644984,110.55915007562734,41.27975307249509,17.14796160821345,0.035282957235762136,0.010795704584681043,0.5538213313646023,8.443618167056336,150.10297151582492
41,41.0,96.88641851331975,98.08998174269408,1432.646604879074,1168.7757964225407,111.59481626031213,42.01423343643533,17.295654725419446,0.035599389888224385,0.0109894713231945,0.5639220227513677,8.547439878560928,151.98512700701406
42,42.0,94.49434701002208,98.03044337484606,1406.8343834933673,1173.2956187415853,112.59480900438712,42.75553620605434,17.43399909610934,0.03591830924952723,0.011178780752167636,0.5739439261802772,8.650349062743604,153.8539178140967
43,43.0,92.1613482716455,97.91403528536918,1406.2608206357763,1177.4980961269368,113.55859701003332,43.50270287798399,17.56324760929861,0.036239418177934385,0.011363450320627112,0.5838751677065798,8.75218431814889,155.70628312938487
44,44.0,89.88593741790604,97.7436367843059,1380.9240110204728,1181.3896815636126,114.48575944755773,44.254772921929366,17.68408038439573,0.03656243293470937,0.01154333266631697,0.5937049289025195,8.852791567611378,157.53931772668003
45,45.0,87.66670551053713,97.52196741972091,1356.0437027442053,1184.7587986267713,115.37595794275856,45.010810740188845,17.79666260599569,0.03688708935241066,0.011718310424963366,0.6034234884021726,8.952026352120345,159.3502482170048
46,46.0,85.50226547115223,97.25166281209137,1331.6116705267082,1187.6230114080734,116.22894470672756,45.76989037422959,17.901019717664603,0.037213125220867206,0.011888275733688376,0.613021469151279,9.04975213026994,161.1364743381662
47,47.0,83.39126447222273,96.93525968586565,1307.6198373201019,1189.9994206466645,117.04455584030211,46.531101357279624,17.997208909281383,0.03754028117895179,0.012053129012293438,0.6224898355436973,9.14584068437125,162.89553834485892
48,48.0,81.33239748629963,96.57518093579425,1308.8338295085453,1192.1296252126717,117.82270169314442,47.293554512476476,18.085477363395658,0.0378683044888388,0.012212781865234203,0.6318200239800759,9.24017231300405,164.6251323186825
49,49.0,79.3243487902616,96.17381284090443,1285.2523979492166,1194.0181732968588,118.56338430273699,48.05636516838607,18.166493613880217,0.03819695495752975,0.012367176026903084,0.6410044276637702,9.332634545977447,166.3231016340729
50,50.0,77.3658777241069,95.73339532976998,1262.0958384132105,1195.4516847597208,119.26665899788239,48.81868365322071,18.24041211653689,0.038526011594125845,0.01251627649685756,0.650036406907683,9.42312402661178,167.98742182759403
51,51.0,75.45576024787398,95.2561012469776,1239.35649586156,1196.4459434152968,119.93265088921554,49.57967653217523,18.30724418897325,0.03885525468480273,0.012660052786641824,0.6589095641546131,9.5115448828155,169.61623247901207
52,52.0,73.59280254006934,94.74401995662068,1217.0268531739578,1197.0163120737875,120.56154687073483,50.33853262164779,18.367031160084732,0.03918446664908091,0.012798477466130023,0.6676177320875053,9.59780897526821,171.207807890679
53,53.0,71.77585530458849,94.19914165953179,1219.8730603763893,1197.402707714647,121.15358463157918,51.09446860527474,18.42000372727109,0.039513435859141084,0.012931529032970627,0.6761550996482681,9.681835880555088,172.76056155482777
54,54.0,70.0037528686775,93.62343491186647,1197.894462114768,1197.6079901677092,121.70907908409636,51.84671017573231,18.466809980679695,0.03984196229678121,0.01305921231408784,0.6845167260625129,9.763551998502717,174.27304584999158
55,55.0,68.27540252719986,93.01873588140283,1176.3118559860238,1197.4171815459754,122.2283717937643,52.59452410104995,18.50758627764627,0.0401698643023226,0.013181549668369274,0.6926984996878249,9.842891611732268,175.7439359730489
56,56.0,66.58972411711561,92.38682700347468,1155.1181076193034,1196.8444874164315,122.71185689469,53.337197582201085,18.5423238247087,0.04049696073257882,0.013298564153729459,0.7006964592470506,9.919795719288155,177.17204901118083
57,57.0,64.94566413297204,91.72942039583036,1134.3062111277418,1195.9037301914723,123.15997150972782,54.074044032248274,18.5710432788203,0.040823071720627366,0.01341027779390252,0.7085067703023309,9.994212087203017,178.5563229471868
58,58.0,63.34221028253839,91.04814234881043,1138.6427935604784,1194.8333403502174,123.57318330167476,54.80440809961445,18.593955009311372,0.0411480224899416,0.013516714390128259,0.7161258447829358,10.06609499652535,179.8958175696543
59,59.0,61.778330332795306,90.34460755040291,1118.1277451440649,1193.6346713296184,123.95202601362634,55.52764681313695,18.611683876012197,0.04147164913165354,0.013617921365804536,0.723550898589504,10.135405079451285,181.1897099374563
60,60.0,60.25306148071301,89.62031329638631,1097.982318887118,1192.0913371825131,124.29703683796855,56.243160051632096,18.624345863096238,0.04179380491005975,0.013713959071454503,0.730779841036227,10.202109156652657,182.43729143012314
61,61.0,58.76545053194457,88.87671335988978,1078.1998558343678,1190.216145569558,124.60879135564352,56.95037042260443,18.63191055339591,0.04211434291716809,0.013804885740974271,0.7378106547255802,10.266179863238332,183.63796481974782
62,62.0,57.314567806675626,88.11520242014689,1058.7738168922203,1188.0215547908217,124.88789253293822,57.64872826396956,18.63437697326209,0.04243311665292355,0.013890755493969948,0.7446413584037345,10.32759546421722,184.79123753828998
63,63.0,55.89952136139399,87.33710162774233,1064.4712609059793,1185.744686599801,125.1349571176123,58.33771561580557,18.631934635755723,0.04274998376011462,0.013971621102129168,0.7512701185168936,10.386339356132552,185.89671835590997
64,64.0,54.51939794651007,86.54372617203282,1045.2925848497857,1183.3855441191458,125.35065868599604,59.01682968032028,18.62518527232808,0.04306481228483755,0.014047557000325346,0.7576958567115626,10.442400820743112,186.95410841038594
65,65.0,53.173348697917504,85.7362896827161,1026.459452466665,1180.7265050659423,125.53565570647422,59.68560841682036,18.61422459642503,0.043377486047033204,0.014118647114633016,0.7639180638931072,10.495773455155721,187.96321477337602
66,66.0,51.86053246447088,84.91596990428918,1007.965638870988,1177.7791401676495,125.6906332811229,60.34361330099242,18.59900113836973,0.04368788811395818,0.014184971181873883,0.7699362403757893,10.546455733678291,188.923922192803
67,67.0,50.58012883810909,84.08389504094541,989.8050311772711,1174.5547009106756,125.81629132623378,60.99043308950701,18.579493112082677,0.043995901140203915,0.014246602574859444,0.7757498456329598,10.594450589700683,189.83620320620923
68,68.0,49.33135148824837,83.24113105193052,996.7450779767477,1171.2891594628986,125.91333046384209,61.625686431564816,18.555870148770886,0.044301410967608014,0.014303611080119336,0.7813584023185688,10.63976469725358,190.7001106146123
69,69.0,48.113393374538724,82.38874032143188,978.7866484901136,1167.9813078579903,125.98249960640283,62.249009325727386,18.52871226257982,0.04460431359341566,0.0143560866168241,0.7867621496733481,10.682410122508992,191.51576455056446
70,70.0,46.92550557687654,81.52769948404428,961.1517764463133,1164.4124396025886,126.02451932362438,62.86007370466759,18.498096049106895,0.044904519339498,0.014404126265287389,0.7919617913521392,10.722401458066098,192.28338220516187
71,71.0,45.766945811882266,80.65895506361443,943.8346332469977,1160.5930321049061,126.04012704323783,63.45857454280786,18.46395045740487,0.04520193727743979,0.014447821369474298,0.7969579864646167,10.7597572454561,193.00322624518978
72,72.0,44.63699009752089,79.78341216220872,926.8294951417283,1156.5332703319027,126.03006523530378,64.04423219527084,18.426234457200742,0.045496475316766954,0.014487255308618437,0.801751289265556,10.794499370647532,193.6756304182098
73,73.0,43.534944778908915,78.90192377156721,934.904163014264,1152.4681168511584,125.99506755775394,64.61679360052901,18.38509937724101,0.04578804365557248,0.014522506362479514,0.8063422479481738,10.82665218569062,194.30098867165557
74,74.0,42.460097551710554,78.01533981473959,918.0599444341964,1148.3952814596198,125.93590762802006,65.1760243337821,18.34110544850867,0.04607656248771432,0.014553671640141125,0.810732091902316,10.85624486940604,194.87973934243115
75,75.0,41.41178724164089,77.12443923836042,901.5192075189705,1144.095105962208,125.85332261531977,65.72171973006999,18.294311715356752,0.04636196499419095,0.01458085402381484,0.8149224335326699,10.883307602488962,195.41240764930873
76,76.0,40.3893588057191,76.22997543475418,885.2764854522961,1139.5771024608596,125.74805851454397,66.25369662627328,18.244629337601918,0.046644182648874245,0.014604149487760641,0.8189147938838319,10.907873623264088,195.89953684480133
77,77.0,39.39217335476134,75.33266726028485,869.326409792443,1134.8505143921188,125.62085908486858,66.77179438460155,18.19199985804747,0.04692314509193125,0.014623644932435247,0.8227105366745762,10.929978510705103,196.3417252187536
78,78.0,38.41961860463744,74.43319032969912,878.4371014108247,1130.1494164134438,125.47245291045189,67.27587487140735,18.136558054438087,0.047198783456326436,0.014639421207707524,0.8263109651680131,10.949659221569835,196.73961319269185
79,79.0,37.47106660520128,73.5322169616868,862.6102711391113,1125.4705575703435,125.30360047302366,67.76581872421751,18.07884644399162,0.047471038678964884,0.014651576826378163,0.8297180275987501,10.966956892652073,197.09386598825702
80,80.0,36.54593330674291,72.63036149523657,847.0685912445052,1120.5934423786814,125.11502199208138,68.24152998643285,18.018908195513283,0.04773986357455363,0.014660215413160232,0.8329339974361241,10.981912482006226,197.40522406773732
81,81.0,35.643640659443335,71.72821650728065,831.8069253027426,1115.5267314677985,124.90744008952107,68.70293182661621,17.95663851726759,0.048005208802080326,0.01466543279101437,0.8359610153735939,10.994569176201557,197.67442467611207
82,82.0,34.76362486271551,70.82634588834193,816.8202292725039,1110.2788381116716,124.6815700396116,69.149966556608,17.89196335208294,0.048267022589530195,0.014667314967366925,0.8388010223087226,11.004971639653471,197.902245171628
83,83.0,33.905345116827085,69.92527787170965,826.876916464607,1105.083054644113,124.43810819919187,69.5825947180512,17.825002648909326,0.04852525398748136,0.01466594136442316,0.8414558576693426,11.013165040045882,198.0894895137625
84,84.0,33.06824844869777,69.02553713847213,811.9790645995399,1099.9352837883075,124.17777529682536,70.00079457529121,17.756283235150683,0.04877986155311986,0.01466140800865999,0.8439279674706118,11.019198021125922,198.23697072082587
85,85.0,32.251818680385256,68.12760127123408,797.3496248681288,1094.6142912018865,123.90125119014931,70.40456203353543,17.685834044198902,0.04903081489724921,0.014653815890757607,0.8462200861577075,11.023118212498966,198.34556438026658
86,86.0,31.45554569506185,67.23192943715674,782.9837624240259,1089.1279876350743,123.6092132615982,70.79390917165655,17.613536086070912,0.049278081013265834,0.014643257525727944,0.848334778657297,11.024974731497759,198.4161278249814
87,87.0,30.67893194771608,66.33895706411265,768.8767293569656,1083.4840553976665,123.30232821822203,71.1688636595358,17.53930143545271,0.04952162393693981,0.014629815137401466,0.8502743760700545,11.024817461585315,198.44954516695967
88,88.0,29.92149953165765,65.44909023158704,779.797208513932,1077.9150953808955,122.9812420774053,71.52946732261776,17.463236822137027,0.049761407991849825,0.014613564117053364,0.8520410781720933,11.022696120813983,198.44671430853566
89,89.0,29.182761970035838,64.56273162500393,765.7476072016582,1072.4162712704065,122.64661864067261,71.87577764183793,17.3858552829497,0.049997406569028624,0.014594595522130525,0.8536376516121276,11.018663191430358,198.40853017465167
90,90.0,28.46226286155007,63.680245559294725,751.9511343520892,1066.7656950816813,122.29908236060106,72.20786494933006,17.307173047099322,0.0502296035824578,0.01457300555669931,0.8550671315698691,11.012769606335597,198.33593744574645
91,91.0,27.759552032492724,62.801980969847676,738.4032304254328,1060.97061799094,121.93925172962479,72.52581250749738,17.227058548049353,0.050457979850564105,0.014548881447976333,0.8563323512699849,11.005067150732517,198.22985291404075
92,92.0,27.07419040650371,61.92826722816842,725.0994178999782,1055.0380794627445,121.56773265712934,72.82971570552043,17.145411587114438,0.05068251277204104,0.014522299847109068,0.8574358831224418,10.995607812041207,198.0912087131853
93,93.0,26.405755483788244,61.059409509906494,736.8086298702634,1049.2000677743392,121.1851099996835,73.11968042894605,17.0623271414946,0.05090317962382963,0.014493330514340411,0.8583801471558667,10.984442925738177,197.92094061674175
94,94.0,25.75381962784506,60.195710306454146,723.5335660351203,1043.4511067957558,120.79198102407145,73.39582545709156,16.978306200896057,0.0511199661773541,0.014462058077325405,0.8591680911480123,10.971625923869466,197.7199726632872
95,95.0,25.11797913504293,59.33744047216369,710.4976751528518,1037.5687289990658,120.38890637156712,73.65827869201168,16.893353686767664,0.0513328684611405,0.014428572675721126,0.8598029237897875,10.957208387460481,197.4892666296504
96,96.0,24.497836730187935,58.484858277660976,697.6966490596096,1031.5596061717317,119.97643845527324,73.90717768192815,16.807326930425297,0.05154187891852617,0.014392955109965735,0.8602876235822616,10.941242228690488,197.22975097428866
97,97.0,23.893004934194646,57.63820595197569,685.1262571213579,1025.4302132521125,119.5551162938086,74.14266890267719,16.720114904725087,0.0517469861686414,0.014355275455443042,0.8606248870915861,10.923779135081633,196.94236011642877
98,98.0,23.3031101201643,56.797705678300936,697.5556660443385,1019.411994917182,119.12545842690054,74.36490617294332,16.631802154537617,0.05194817840465766,0.014315596953364318,0.8608172440006283,10.904869806942571,196.62802443146938
99,99.0,22.72777659957764,55.96357816976497,684.9878320499613,1013.4989254181628,118.68799175397751,74.57405312467274,16.54287920187216,0.052145451644188656,0.014273997066029375,0.8608677153683175,10.884566459253453,196.28765652496628
100,100.0,22.166647179647654,55.13601751858672,672.6464282746307,1007.4680225743551,118.2432097617863,74.77027973625907,16.453340919364464,0.0523388121077859,0.01423055920693158,0.860779583371408,10.86291931847983,195.92219626656214
101,101.0,21.619371267273152,54.315207820799884,660.5273760826536,1001.3254500106358,117.79159647674761,74.95376251576933,16.36303486236708,0.052528261940566624,0.014185357202824872,0.8605558760351418,10.839978537635972,195.53254773263694
102,102.0,21.085606916923666,53.50132009597117,648.6266702705102,995.0771876993256,117.33362252362849,75.12468407177246,16.271840473098294,0.05271379911045128,0.014138454100879003,0.8601993231689011,10.815793738966125,195.1196136774475
103,103.0,20.565023660729903,52.69450863316215,661.713696327807,988.9541977694175,116.86973919505401,75.283231717709,16.179833046401264,0.052895420936249306,0.014089906233830222,0.8597124778392891,10.790413342350293,194.68428730139024
104,104.0,20.05729157585455,51.89492782683563,649.7916335515018,982.949985376358,116.4004033727229,75.429599524221,16.08749405425053,0.05307313184428452,0.01403978366375615,0.8590983526728365,10.763886810828149,194.22744016230527
105,105.0,19.562094566072833,51.10270908216872,638.0843656685266,976.8411111182809,115.92604175259099,75.5639858851105,15.99480944793174,0.053246946557285034,0.013988162844537175,0.8583602257079014,10.73626158623693,193.7499625949067
106,106.0,19.07912323456099,50.31797618700096,626.588023622659,970.6332936792002,115.44707117738493,75.68659292904749,15.901618192938267,0.05341687524592533,0.01393511049028378,0.8575011011664287,10.707584743748411,193.25270855226475
107,107.0,18.60807581822011,49.54084234298136,615.2988080479602,964.3320797992914,114.9638956394916,75.7976264802979,15.80779136060015,0.05358292359647991,0.013880682545095446,0.8565236727391359,10.67790262379171,192.7365253874714
108,108.0,18.148659999394958,48.77140666368794,628.9863095406583,958.1680035886449,114.47690125475991,75.89729491139997,15.7133960527246,0.053745096479977356,0.013824928386847674,0.8554304506609735,10.64726024153717,192.20224722825077
109,109.0,17.700586100387227,48.00977013119277,617.6539002263407,952.1341718104101,113.9864780827016,75.98581058113952,15.61890595380037,0.0539034051618876,0.013767910776576416,0.854224378619781,10.615703301763908,191.65068434766906
110,110.0,17.263574373402882,47.25601331804047,606.525661665954,946.0067391808972,113.4929889650674,76.06338868931735,15.524299100736913,0.05405787138237947,0.0137096992671538,0.852908671331167,10.583275515525306,191.08265943175036
111,111.0,16.837351776739116,46.5102113354562,595.5979161669097,939.7910355149601,112.99678713854263,76.13024579273052,15.429406926268348,0.05420851188068657,0.013650353594717578,0.8514862542123366,10.550020034273672,190.4989592794555
112,112.0,16.42165200742205,45.772430794507166,584.8670523093625,933.4922290636897,112.49821390071507,76.18660016904984,15.334093163884598,0.05435533864503532,0.013589922777050933,0.8499597330633067,10.515979153926162,189.9003606169261
113,113.0,16.01621649506736,45.04272633109354,599.1028528322296,927.3404749701689,111.99759425643796,76.23267091593509,15.238417667269486,0.05449836271861018,0.013528449421081211,0.8483315255813778,10.481193791266682,189.28762477067093
114,114.0,15.620790902195726,44.321156238734616,588.3088560381215,921.3285428388209,111.49525641813318,76.26867879224174,15.142847450215807,0.05463760087234381,0.01346598929867752,0.8466044629518877,10.445705310907655,188.66148824280026
115,115.0,15.235127654380076,43.60776022563722,577.7093291751257,915.2322277462912,110.99150396750858,76.29484627690398,15.047353534051139,0.054773080561747935,0.01340260531391168,0.8447816525420532,10.409553141447313,188.0226955963378
116,116.0,14.85898579277949,42.90257445692129,567.300769280489,909.056520325273,110.48663158434668,76.31139528544668,14.951760758680132,0.05490482383172717,0.01333835053620221,0.84286590084453,10.37277604420439,187.37195654605165
117,117.0,14.492130307179576,42.20562833989645,557.079736542579,902.8062588386379,109.98092312634661,76.3185478887966,14.855926437943916,0.055032847745484316,0.013273267394534834,0.8408596882613846,10.335411869412987,186.709968795679
118,118.0,14.134332493616279,41.51694100922306,571.8161933514369,896.711263763361,109.47464775316335,76.31652562036007,14.759904022401063,0.05515716831184426,0.01320739205753897,0.8387653037860563,10.297497084694792,186.03741364943374
119,119.0,13.785369018080827,40.836536945599555,561.5138211740878,890.7640200435545,108.96807777341725,76.30554986437173,14.664154837402943,0.05527780667716683,0.013140773746147468,0.8365854358994079,10.25906846045245,185.35494752450626
120,120.0,13.445020798189292,40.164423354598824,551.3970611802197,884.7400049473702,108.46146304725428,76.28584283377175,14.56864369109377,0.0553947948741257,0.013073469090464104,0.8343230530105767,10.220160901040972,184.66323228814412
121,121.0,13.113075187772196,39.500605570860294,541.4625699479656,878.6439139135188,107.95504552789686,76.25762471137537,14.473189664877891,0.05550815916191871,0.013005524911629037,0.8319808145698256,10.180808604376793,183.96289621873748
122,122.0,12.789324791772582,38.84508362178462,531.7070643550684,872.4802981463738,107.449057554353,76.22111464040393,14.377644467732692,0.055617920619058805,0.01293697748330177,0.8295610495614483,10.141044850901705,183.25455487878227
123,123.0,12.473567344204863,38.19784864856246,546.9006743329736,866.4786835075029,106.94371830090297,76.17653018451229,14.282055902807413,0.05572409916982173,0.012867856958431474,0.8270658931403586,10.100901570712294,182.5388073162307
124,124.0,12.165606695925858,37.55889864119503,537.0472049228748,860.6313150037545,106.43925049456632,76.12408746102031,14.18688046702547,0.05582671937958245,0.012798206511723654,0.8244978713151222,10.060410929284258,181.8162282728213
125,125.0,11.865249002791511,36.928215293513695,527.3712597505826,854.7133899812164,105.93585622147232,76.06400266856346,14.092077471906087,0.05592581686765303,0.012728076945768286,0.8218597920293816,10.019603298622528,181.08739672711664
126,126.0,11.572306604205503,36.305779855617125,517.8696410659063,848.7293475888299,105.43373081388447,75.99648892778505,13.997460979935362,0.05602142116742067,0.012657509310035663,0.8191541491779902,9.97850835709111,180.3528593752055
127,127.0,11.286596474904586,35.69156947362123,508.5392088134014,842.6834899326263,104.93306120666453,75.9217574472235,13.90287781728928,0.05611355646056095,0.012586534206628372,0.8163831034849872,9.937154894535853,179.61315042764
128,128.0,11.00793975313502,35.0855535499363,524.1502487413027,836.8050844226842,104.43402260028326,75.84001707854648,13.808370815334683,0.056202245677318144,0.012515176243385025,0.8135486200371609,9.895570407037093,178.86878810164535
129,129.0,10.736164122532559,34.487709606351196,514.7066729278343,831.0861741092057,103.93679443362524,75.7514743965878,13.714392392909707,0.05628751599286808,0.012443473079530582,0.8106530506882632,9.853782616824986,178.1202673266677
130,130.0,10.47109809608362,33.89799964601607,505.43323630046024,825.3017106895603,103.44153699100386,75.6563354038787,13.62089700485317,0.05636940575557935,0.012371470171851704,0.8076990295505461,9.811817523312634,177.36808710284976
131,131.0,10.21257606270034,33.31638642062792,496.3268741169052,819.4559113943218,102.94840501105266,75.55480234292983,13.52769434953625,0.056447946966135656,0.012299203298826408,0.8046888740676721,9.769700481971686,176.61271541962742
132,132.0,9.960436503006736,32.74282957188851,487.3845769500641,813.5528627610156,102.4575460054667,75.44707494319961,13.434627009458834,0.05652316612708971,0.01222669789342562,0.8016245671243876,9.727456012631446,175.85460867549034
133,133.0,9.7145212722855,32.17728195045801,503.3767750743637,807.8216063169302,101.96909705766707,75.33335001906832,13.34173344776486,0.056595088391353396,0.012153973507277753,0.7985078946152482,9.685107413374547,175.09420822736604
134,134.0,9.474678950196921,31.619705548235764,494.3074736916484,802.2540153894769,101.48320031696498,75.21382167455397,13.249462658079437,0.05666374285947994,0.012081062814356442,0.7953410287770184,9.642678239767358,174.33193344074186
135,135.0,9.240757852838563,31.070047501660724,485.4015682434161,796.6248269491434,100.99998000146566,75.08868285471128,13.157764809932972,0.056729169870590866,0.012008006417058617,0.792126423006298,9.60019039154148,173.56820831581246
136,136.0,9.0126118276461,30.52825666983761,476.65611543249065,790.938066640651,100.51955597274086,74.95812236774425,13.066445816657568,0.056791403202896606,0.011934835324377686,0.7888662133753888,9.55766519827519,172.80342704774662
137,137.0,8.790098333853024,29.994279619122143,468.06822510312406,785.1976350157524,100.04204195490583,74.82232612983766,12.975344582138964,0.05685047101168305,0.01186157029977698,0.7855622010346608,9.51512322156834,172.03797356895342
138,138.0,8.573077562389264,29.468056927927343,484.40846126028805,779.6323769524529,99.56754241784017,74.68147676237558,12.884495739895625,0.056906400001806474,0.011788226325468975,0.7822159891539562,9.472583881921022,171.27221798823012
139,139.0,8.361416418754162,28.949539093348278,475.6809105142763,774.2340234384682,99.09616776477355,74.53575406285987,12.794345425136797,0.056959220620938805,0.011714831603028384,0.7788295696352258,9.430066914513416,170.5065098745784
140,140.0,8.154980756802093,28.43866236116078,467.11059846774657,768.7771245188916,98.6280114822037,74.38533613698691,12.704840031968759,0.057008974567136945,0.011641422364038331,0.7754052133590924,9.387590461600826,169.7412044612415
141,141.0,7.953641596016979,27.935365476652642,458.6946927110051,763.2655409888996,98.16316382055437,74.23039682121286,12.61578220018368,0.057055696809188,0.01156802533496059,0.7719448747316535,9.345172182836126,168.97662830881487
142,142.0,7.757273144022135,27.43958556065009,450.4304119903189,757.7030134829294,97.70170988211149,74.07110685736808,12.527007654053019,0.05709941658713233,0.011494657092469237,0.7684501736595777,9.302829045294835,168.21309929105027
143,143.0,7.565751816762766,26.951254429666864,467.0884437940701,752.318216376628,97.2437265577278,73.90763345557465,12.438547677481647,0.05714016158694782,0.01142132852039159,0.7649225313839586,9.26057695910361,167.45092281530702
144,144.0,7.378960596318722,26.470314368570506,458.67294622221027,747.1027616450978,96.78929750998019,73.74014113519262,12.35084603705599,0.057177963116163355,0.011348063833346097,0.7613637623403954,9.218432220647228,166.69038526386498
145,145.0,7.196780866094476,25.996693990380997,450.4090652145491,741.8310372641924,96.33849033538263,73.56879223581929,12.263845808987302,0.05721286369400591,0.01127489535582109,0.7577759569841225,9.17640959212689,165.93177997165012
146,146.0,7.019098799136112,25.530325008696806,442.2940695918788,736.506762739653,95.89137041722218,73.39374488659863,12.177346809212677,0.057244898983284935,0.011201845994644136,0.7541608912939458,9.134523446799266,165.175372658284
147,147.0,6.845803383370518,25.071138056094682,434.32527753496055,731.1335417302688,95.44799887133166,73.21515405453916,12.091182022521718,0.057274098828570784,0.011128928596672616,0.750520007746937,9.09278754314015,164.42142204238678
148,148.0,6.676785389307632,24.619059047744344,451.27349035450027,725.9399014139641,95.00842952003443,73.03317105004037,12.005379810405818,0.05730049141434295,0.011056150393915784,0.746854549735143,9.051214666595621,163.67017577652268
149,149.0,6.511941907260202,24.1740247124047,443.1429291927302,720.9173546659504,94.57272372239386,72.84794480646667,11.920381993062446,0.05732410849889951,0.010983532066278844,0.7431661597468082,9.009818066162493,162.9218639987212
150,150.0,6.351168069619133,23.73595868157578,435.15885106633954,715.8401495355811,94.14092749672156,72.65962163028897,11.836128739325211,0.057344992967960785,0.010911102467969754,0.7394567528391569,8.968609511587063,162.17672519092488
151,151.0,6.19436342133103,23.30478813404288,427.3186171949076,710.7118849713984,93.71308555736672,72.46834381954478,11.75241743587338,0.05736318076089958,0.010838881119158253,0.7357279324287943,8.927600477650268,161.43497120856713
152,152.0,6.041429993852663,22.880439606836436,419.6196365495525,705.5360478181401,93.28923912303118,72.27425054288756,11.66907871573094,0.05737870192333673,0.010766877563008887,0.7319809698358121,8.886801900790154,160.69680859770483
153,153.0,5.892271255045806,22.462835427212266,436.8328152079278,700.5410387584839,92.86942292159773,72.0774772733767,11.58613839760929,0.057391584733161145,0.010695095796698558,0.7282169371102992,8.846223825500182,159.96243421422275
154,154.0,5.746796680800257,22.05190890313075,428.9624301188725,695.7182885860959,92.4536798835551,71.87815754442451,11.504036719165631,0.0574018610576035,0.01062355338167647,0.7244373122117681,8.805876836547593,159.23202885900326
155,155.0,5.604913573189426,21.647580824365125,421.2338406803577,690.8419251043451,92.04203823050729,71.67642185612924,11.42271130846827,0.05740957376760042,0.010552276107985275,0.7206438419932747,8.765770091228966,158.5057830578567
156,156.0,5.4665332769321475,21.249775841712882,413.6444924438906,685.9154449091211,91.63452566918367,71.47239700253962,11.341957469400477,0.057414758730525484,0.010481280509061375,0.7168379650580116,8.725912541917815,157.7838616421214
157,157.0,5.331569334357142,20.858418316649026,406.1918772785353,680.9422357227154,91.23116707871226,71.26620675324055,11.261603824296836,0.05741744585655959,0.01041057321716766,0.7130207896000611,8.68631267526581,157.06642575452065
158,158.0,5.1999364428124215,20.473428842841844,423.6469975827504,676.1505900662175,90.831981546214,71.05797120752163,11.181673985926052,0.05741766317978757,0.010340155379482343,0.7091932245661889,8.64697816253622,156.3536281547846
159,159.0,5.071554955447787,20.09473901021443,416.0141798698627,671.5318712162423,90.43699691587983,70.84780903923175,11.102606922335685,0.057415442392610594,0.01027004181864499,0.7053565921140892,8.607917287129437,155.64560692565195
160,160.0,4.946342943392214,19.72226847699143,408.51887778817485,666.8601041737944,90.04622688650439,70.63583552403867,11.024338047270282,0.057410826034364176,0.010200255634092083,0.7015124796149761,8.569136954242518,154.94251116832987
161,161.0,4.824222164343012,19.355940963934696,401.1586138663505,662.1386991237667,89.65968531170829,70.42216259792202,10.946660886614724,0.0574038496116831,0.010130810738340178,0.697662169895139,8.530643947389752,154.24446517636534
162,162.0,4.705116318763832,18.995680182116235,393.93095565905486,657.3709601733946,89.27738378987505,70.2068993277819,10.86940235106712,0.057394542621264276,0.010061711211574375,0.6938066172525186,8.492444651699781,153.55159105301553
163,163.0,4.588950033720198,18.641406462065305,411.6069940392072,652.785087870449,88.899328734233,69.9901511819595,10.79258414583724,0.05738293257539907,0.009992955702858249,0.68994657694019,8.454544707933884,152.86400373059607
164,164.0,4.475653218291202,18.293051019844807,404.19109966181816,648.3723904491155,88.52553575522323,69.7720227570157,10.716644237938416,0.05736905075808888,0.009924556639760523,0.6860832248800448,8.416950433261523,152.1818047428099
165,165.0,4.3651534704918955,17.950533732413327,396.9088128381807,643.9068055435446,88.15600683216626,69.55261492936451,10.641516115646112,0.05735293911679255,0.009856534771787107,0.6822179987002585,8.379666813983604,151.5051077987074
166,166.0,4.257381738513575,17.61377864911994,389.757726401182,639.3916708170959,87.79074465555846,69.33202563518334,10.566991797526844,0.05733463256018988,0.00978890172248032,0.6783520352924457,8.342698789392259,150.83400265170488
167,167.0,4.1522706866071895,17.282710026700958,382.7354769841525,634.8302203538145,87.42975014654067,69.11035013204452,10.492896742838424,0.05731415994449316,0.009721659345419149,0.6744861450448371,8.306050961720546,150.16857820906066
168,168.0,4.049753720958465,16.95724908321927,400.61323666894,630.4505769819755,87.07301956783857,68.88768018238554,10.419251013113284,0.05729154803371606,0.009654804110894158,0.6706209396500477,8.269727253830471,149.50891731096982
169,169.0,3.9497691484398567,16.637327708521017,393.3954155102181,626.2440045803611,86.72055870845685,68.66410724101233,10.346491804299179,0.05726682751325603,0.00958834636077679,0.6667574588292301,8.233732320118339,148.85509056894847
170,170.0,3.8522529933045866,16.322867049272645,386.30763344355734,621.9843670133362,86.37236020553271,68.43971876344828,10.274550935432162,0.05724003952742412,0.009522304803034095,0.6628970007991238,8.198069529929302,148.2071817621301
171,171.0,3.757144315347484,16.013792459483714,379.34754751822857,617.6749415417553,86.02841786007191,68.21459967632052,10.203219155484325,0.05721121819489458,0.009456689071770557,0.6590405668169133,8.16274227104209,147.56525153872744
172,172.0,3.664383688734169,15.710029665312646,372.51285741126424,613.318904095364,85.68872411212514,67.98883243847578,10.132320699501994,0.0571803915483598,0.009391499087219556,0.6551888337351873,8.127753649040791,146.92936087875762
173,173.0,3.5739122804882393,15.411501657729335,390.57480970322206,609.1443122990859,85.3532672013508,67.76249613824817,10.061874218302306,0.05714758542172497,0.00932672942890097,0.6513422801896415,8.093106149083585,146.29956568273423
174,174.0,3.4856757796628672,15.118141803551037,383.5378496770087,605.1423948284915,85.02204511877108,67.53567010919134,9.992316333145233,0.057112829749001996,0.009262388630044745,0.6475018199157007,8.058803033159975,145.67591068350453
175,175.0,3.399617661883208,14.829873321974182,376.627670382561,601.0869537184707,84.69504315824581,67.30842944869593,9.923577420844754,0.05707616470256985,0.009198493634571652,0.6436686223169096,8.024846322842185,145.05845459687956
176,176.0,3.315684146202157,14.546623613974765,369.84198752533985,596.9812163867788,84.37224813746178,67.08084713297309,9.8554471687736,0.05703762345820727,0.009135052356002737,0.6398435634850302,7.99123811428691,144.44723381115932
177,177.0,3.233822786945478,14.268320574329122,363.17855832025293,592.8283109427024,84.05364585327317,66.85299388987576,9.787748786335264,0.05699723307994946,0.009072063044088014,0.6360271972195319,7.957980269785057,143.8422860571644
178,178.0,3.1539816109474557,13.994889633095015,381.4086976598458,588.856240771239,83.73921830172047,66.6249372149251,9.720499718731663,0.05695501832838137,0.009009518645938871,0.6322198796981143,7.925074084327218,143.24364485613103
179,179.0,3.076112798391451,13.726266236493485,374.53688236638243,585.056207175015,83.42895736062056,66.39674537453305,9.654136179698224,0.05691100826557582,0.008947426133196872,0.6284224088423761,7.892521665136532,142.65133351788992
180,180.0,3.000166413089181,13.462376274290659,367.78887259689355,581.201960813974,83.12284264833544,66.16848220331934,9.588587304618963,0.05686524195991995,0.008885800934138918,0.6246358358546117,7.860323922731149,142.06538997245758
181,181.0,2.926094992380845,13.203149743855779,361.1624376184887,577.2966884646304,82.82085558530189,65.94020980806278,9.523641899676392,0.05681775152535966,0.00882464948183409,0.620860922074909,7.828481889411304,141.4858306091607
182,182.0,2.8538522511332207,12.948517224305586,354.65538719297643,573.3434793465351,82.52297685240407,65.71198826522554,9.459122324423312,0.056768562944408206,0.008763968590182039,0.6170981086229234,7.7969964056078975,140.91267400940347
183,183.0,2.7833922785718497,12.69840707035486,373.0390988127269,569.5702922080985,82.22918367942464,65.4838745662217,9.395044996884186,0.056717699794606655,0.008703749804633646,0.6133476397059133,7.765867792147009,140.34593530094216
184,184.0,2.7146729638807057,12.452757245912327,366.3180775655393,565.968307660344,81.93946322416409,65.25592696049097,9.331845865830621,0.05666519017315676,0.0086439987545961,0.6096102073878454,7.735097207949462,139.78562025864616
185,185.0,2.6476501949924236,12.211496741297315,359.71814518047677,562.311234118265,81.65379081096847,65.02819910983648,9.269453002074759,0.05661107194405456,0.008584729574122518,0.6058867551040404,7.704684658216043,139.23174974309032
186,186.0,2.582282085266816,11.974558542252518,353.2371198307079,558.6022257011703,81.37214377351381,64.80074331932066,9.207654487446497,0.056555376069509826,0.00852594742942839,0.602177939625483,7.674630308740656,138.68432384788878
187,187.0,2.518527786853561,11.741876277169892,346.87285927571,554.8443404660802,81.09449893711235,64.57361007471896,9.146271985380755,0.05649812736568356,0.008467647907180197,0.5984840995062555,7.644934169575254,138.1433455573318
188,188.0,2.456346746111602,11.513381563825426,365.396798357383,551.2655008893929,80.8208299833143,64.34684692833808,9.085321043281573,0.056439348145845954,0.008409821356266447,0.5948053771901703,7.615595773827145,137.60881505235457
189,189.0,2.395701874489161,11.28901518872036,358.81346750518406,547.8568725948027,80.55112049451745,64.12050313219392,9.025237464395497,0.05637906547316471,0.00835247225821054,0.5911423685064972,7.586615509677764,137.08072392888863
190,190.0,2.3365542078589936,11.068709535597367,352.3487449312698,544.3921296928016,80.28534263743445,63.89462323290248,8.965948411360943,0.05631731593392246,0.008295613649247595,0.5874959192307753,7.557992653984271,136.55907917419975
191,191.0,2.2788667805336966,10.852400842621202,346.0004934638664,540.8744005491101,80.02347073450841,63.669250763980806,8.907241377892978,0.0562541292735039,0.008239249618038505,0.5838665913890051,7.529726675339108,136.04386777171686
192,192.0,2.222603543541785,10.64002602965178,339.76661470587214,537.3067187339817,79.76547878866567,63.44442764022431,8.848937464912389,0.05618952908096625,0.008183374708814624,0.580254630708015,7.501816917403322,135.53508015610396
193,193.0,2.1677286768388644,10.431520196691956,358.4185960308279,533.9169777132371,79.51133793067304,63.22019299493947,8.791051486231922,0.05612353634839072,0.008127978255570515,0.5766600876786114,7.474262284964703,135.0327045132598
194,194.0,2.1142095109062007,10.226827149950726,351.96099059289423,530.6963329731275,79.26102910194602,62.99658805372933,8.73401919981726,0.05605617705595703,0.008073063763491815,0.573083471090955,7.447062546798802,134.53672112936465
195,195.0,2.062011631308619,10.025882848457881,345.6197284121525,527.4184312066433,79.01452223992642,62.77364925498841,8.677766997734437,0.05598748646207026,0.00801864334462259,0.5695255387385931,7.420216402246382,134.04712584237842
196,196.0,2.011102415200661,9.828626943565048,339.3927130903063,524.0863809765909,78.77178953262242,62.55141233721028,8.622081903615149,0.05591749305134836,0.007964720177254707,0.5659867672778153,7.393722766652904,133.56389524043487
197,197.0,1.9614500488111102,9.634999789482636,333.27788626834064,520.7031971319029,78.53280300166671,62.32991160830154,8.566784570869396,0.05584621914558776,0.007911287926220159,0.5624673188845303,7.367580456495101,133.08700979975228
198,198.0,1.9130228948335055,9.444940092308576,352.04678345752836,517.4967503770374,78.29753203861128,62.10917874373689,8.511889201096935,0.055773684379238145,0.00785833507114854,0.5589671614301007,7.341787883356574,132.6164482169118
199,199.0,1.8657921725521622,9.258394788342837,345.7039781763272,514.4581901869384,78.06595570170205,61.88924785399494,8.457831589673917,0.05569991361779863,0.007805864291795138,0.5554867253723144,7.31634432452285,132.15218190041833
200,200.0,1.8197274880379433,9.075303504648955,339.4754479616104,511.3611417895155,77.83804245221374,61.67014821391161,8.404537478903457,0.055624940761305496,0.00775388692894955,0.5520266896982657,7.2912480292751845,131.6941978414113
201,201.0,1.7748000510915354,8.895609383868825,333.35913364429433,508.20869905586073,77.61376305361199,61.45190867986635,8.351793524294896,0.055548793007598754,0.007702405397704978,0.548587454559504,7.266497481112218,131.2424645269533
202,202.0,1.7309817855814777,8.719256278292503,327.3530134231306,505.00386306944534,77.39308822621422,61.234556852121635,8.299420030673708,0.055471491388444004,0.007651412626878335,0.5451691073376357,7.242091086536799,130.79695466001994
203,203.0,1.6882447500665838,8.54618654759294,346.22866693155913,501.97448714284474,77.17598627796758,61.01811784292468,8.24743069413783,0.05539305416166476,0.0076008963830766834,0.5417715420888606,7.21802687755248,130.3576395576624
204,204.0,1.6465635865737522,8.376350299891977,339.990685923786,499.11171823025666,76.96243499450712,60.802619492543336,8.196261415368694,0.055313505060887155,0.007550858653013398,0.5383951191165192,7.1943037472512765,129.92448379594464
205,205.0,1.605911453671317,8.20969085222681,333.8650915177232,496.1891652194697,76.75240196734777,60.58808478801856,8.145837392755237,0.055232876613900785,0.007501310140461167,0.5350404472273338,7.170919601708963,129.49746745052298
206,206.0,1.5662629435467357,8.046154851174116,327.84985853723833,493.20991166252725,76.54585710600314,60.37453654756064,8.095945001475915,0.05515119472087072,0.007452252626452575,0.5317078583844943,7.1478725941715044,129.07655283076133
207,207.0,1.5275932786021342,7.885689648458257,321.9429985610238,490.17694911354016,76.34277037520087,60.16199649345569,8.046404282884248,0.05506847911535556,0.007403678429525972,0.5283973733781017,7.125160819108438,128.66170669508708
208,208.0,1.4898777828075682,7.728241244247138,340.91613166616116,487.3181181012742,76.14310952472461,59.950483998964685,7.997228520476946,0.05498474667432663,0.0073555747272391085,0.525108820690775,7.102782023760718,128.25289474395188
209,209.0,1.453094111257183,7.573762906530566,334.7738659249183,484.62456599064643,75.94685155613743,59.740021409864944,7.9488537757708375,0.05490001999445198,0.00730794292911138,0.5218424981001775,7.080734806385752,127.85007642769293
210,210.0,1.4172185611833155,7.42220160871662,328.7422624285019,481.869889723256,75.75396367553263,59.530626229405094,7.901204795777644,0.05481433023133045,0.007260793219311445,0.518598952282539,7.0590168187535784,127.45322651494352
211,211.0,1.3822287097960462,7.273507462804053,322.8193270387116,479.05716625596705,75.56441539345806,59.322316010643675,7.854067750658029,0.05472770198920847,0.007214126857767194,0.5153784547605412,7.0376259682498326,127.06230273756441
212,212.0,1.3481026905116413,7.12763127270718,317.00310181255594,476.1893812175232,75.37817635348345,59.11510735657269,7.807262491245105,0.05464015370746018,0.007167935662649215,0.5121809673649703,7.016560118548874,126.67726742849699
213,213.0,1.3148187121811388,6.984522618939395,336.0652439023218,473.49436628961564,75.19521416472101,58.909014654279474,7.760801969086068,0.054551700890304734,0.007122206330841107,0.5090062606675025,6.995816810660476,126.29808213387973
214,214.0,1.2823570827629287,6.84413787592291,330.01037596822914,470.96327169457464,75.01550543257825,58.70405546154652,7.715122451396703,0.05446236500244961,0.0070769397957659505,0.5058545769939773,6.975394421914731,125.92470259188858
215,215.0,1.250696872280022,6.7064275969664315,324.06459576914034,468.36968617731407,74.83901736103739,58.50024252991166,7.670148314520379,0.054372175838950806,0.00703214582432014,0.5027264083531634,6.955290423183682,125.55709959446516
216,216.0,1.2198182922822545,6.571345281665767,318.2259375065746,465.7166832543095,74.66571942123208,58.297588849836515,7.625665587939639,0.054281156720398696,0.006987825253809941,0.49962197300093786,6.935502545586147,125.19522761730627
217,217.0,1.1897020452066562,6.438845101681599,312.4924710664302,463.0072456786723,74.49558127822296,58.096106593569715,7.581493994227951,0.05418932480611618,0.006943969497803784,0.49654118086720284,6.9160284888953445,124.83904582055065
218,218.0,1.1603288884238452,6.30888012182592,331.63588759262655,460.46919963101254,74.32857072887943,57.89580584449812,7.5376462227880765,0.05409669424586514,0.0069005648669266525,0.49348375169374237,6.896865652444908,124.4885128001162
219,219.0,1.131681465977216,6.18140973808026,325.66082277085434,458.0937002176623,74.16466428780723,57.6967000114836,7.494558782214723,0.0540032853857144,0.006857611906484049,0.4904498788785434,6.8780122533487,124.14358174400834
220,220.0,1.1037412972542187,6.056387974796158,319.7934079997529,455.65433116952454,74.0038294569993,57.49879775625191,7.452155748396275,0.05390912668137505,0.006815120054958915,0.4874400066409465,6.859465641735994,123.8042205602766
221,221.0,1.0764909186589273,5.933771611797132,314.0317033568442,453.154165219161,73.84603594933448,57.30210814090896,7.410223064841408,0.05381424019068192,0.006773089812613475,0.4844543065750276,6.84122342942618,123.4703815512479
222,222.0,1.0499132998333063,5.813518076239504,308.37380413776975,450.5961848086232,73.69125371869346,57.1066395277912,7.368580378740819,0.05371864181533375,0.00673151227157342,0.4814926432017874,6.823283206966138,123.14202172967124
223,223.0,1.0239914493774558,5.695583794499605,327.59143265576915,448.20821344491657,73.53945100500941,56.91239831128697,7.327240177546661,0.05362234437727101,0.006690373438168545,0.47855469194050587,6.805642284669368,122.81909772539049
224,224.0,0.9987100687680984,5.579931076036296,321.68923621013636,445.98141278072967,73.39060447001997,56.71939432601742,7.286639239070642,0.05352536712404401,0.006649673545918088,0.47564060324837426,6.788298768959915,122.50156112404862
225,225.0,0.9740528408902107,5.466517283621472,315.8933770663158,443.6893642184223,73.24468214568738,56.52763273863171,7.246701399633866,0.05342773720099264,0.006609421781754793,0.4727507798598618,6.7712499381293405,122.18937784127846
226,226.0,0.9500043538742677,5.355302348408248,310.2019389282377,441.33514192756206,73.10165420371209,56.33711925207413,7.2072125630285795,0.05332947543111231,0.00656961838299767,0.4698853527573645,6.75449333097203,121.88249888632814
227,227.0,0.9265495782087637,5.246246820689515,304.6130402924105,438.9217301798228,72.96149109261115,56.14785897531446,7.16799234571641,0.05323059648762213,0.006530254192284275,0.4670441469937341,6.738026473149439,121.58087995749655
228,228.0,0.9036735109919003,5.139310346541096,323.8984320576213,436.67695218377276,72.82416169094519,55.959855164206985,7.129053084716902,0.05313111189801989,0.0064913149825597165,0.4642267996159946,6.721846628552874,121.2844765166899
229,229.0,0.8813626659665856,5.03445802430613,318.0627718623645,434.5919774816712,72.68964299071355,55.77311459321081,7.090831848594063,0.05303103983690781,0.00645280074151345,0.46143342360797424,6.705951833027284,120.99323931395173
230,230.0,0.8596026368776739,4.931650405848649,312.33225029874,432.44038739956096,72.55790373023038,55.58763946530644,7.053252286512223,0.05293040617448297,0.006414720470775212,0.458664385970015,6.6903393324473655,120.70713299449112
231,231.0,0.8383798225407445,4.8308504297645545,306.7049726430134,430.22525938499973,72.42891470495883,55.40343263238166,7.016100301413251,0.05282923053242804,0.0063770742086406065,0.4559197825880694,6.675006629861712,120.42610798405258
232,232.0,0.817680959224297,4.732021623289627,301.1790785756794,427.9495813103631,72.30264701387212,55.2204964463538,6.979195516490596,0.052727526389979955,0.00633985261027874,0.4531994044573671,6.659951221705186,120.15011933751082
233,233.0,0.7974928003497244,4.635126697345281,320.5263452176816,425.8411780613652,72.17907032113135,55.03883151488936,6.9425501626122434,0.052625304018889915,0.0063030412762953006,0.4505028556654785,6.645170359597213,119.87912199069335
234,234.0,0.7778034561881222,4.540133403515277,314.75143939256907,423.891228145831,72.05816208782021,54.858442009977715,6.906601614384632,0.05252258055077159,0.006266640005472716,0.4478302166984343,6.630662041039285,119.61306647274984
235,235.0,0.7586002080925721,4.447005322441344,309.08057769422425,421.873314683043,71.93989188987663,54.679327643318466,6.871273379212537,0.05241938062078498,0.0062306576708991545,0.4451818240404512,6.616423510964287,119.35191673870713
236,236.0,0.739871052839631,4.355708246587288,303.5118850957091,419.7905199088413,71.82423126925873,54.50148886709469,6.836351391596662,0.0523157226872247,0.006195094166757034,0.4425577434858132,6.602452266433848,119.09562319735717
237,237.0,0.7216042850269944,4.266208525180746,298.0435206199374,417.64583674583463,71.71115209077847,54.32492571663506,6.801655312642696,0.05221161907401881,0.006159940013978862,0.4399577368775489,6.588745803065078,118.84414079580927
238,238.0,0.7037882092457896,4.178471771132707,317.44728544735096,415.66709338599765,71.60062491185656,54.149636586060424,6.76719730479209,0.05210707883999567,0.006125180693169541,0.4373813802456702,6.575301387304428,118.5974244551714
239,239.0,0.6864123424150091,4.092468246929624,311.72785454315044,413.84547814435876,71.49262776581108,53.975623450602136,6.733415059064481,0.05200211810711917,0.006090815863098457,0.4348287260862721,6.562117003995547,118.3554249714797
240,240.0,0.669465456234406,4.008164395320382,306.11146837425383,411.95457747168956,71.38713116106264,53.80288394856737,6.700231980091402,0.05189676031936881,0.006056854316730279,0.43230008508125767,6.549189921987963,118.11810607191984
241,241.0,0.6529369577079838,3.9255287036358304,300.59626989800375,409.99747961526555,71.28410747479771,53.631416531518916,6.667434060713617,0.05179102281292996,0.006023295851089073,0.4297954974549456,6.53651765586411,117.88541859578332
242,242.0,0.6368165166832738,3.844530183462356,295.1804357982431,407.9771837184095,71.18352942051058,53.46121930730327,6.634841025657829,0.05168491679825858,0.0059901308983465115,0.427314700326311,6.524097722812728,117.65731780555397
243,243.0,0.6210938076580144,3.765137182837654,314.6357893358111,406.12152260720586,71.08536852489337,53.292288839947155,6.602465000906619,0.05157845016717544,0.0059573448637562,0.424857246087148,6.511927425353609,117.4337590106291
244,244.0,0.6057595870488622,3.6873223296027398,308.9670126746766,404.42169504377637,70.98960346808401,53.12462526606575,6.570744000099465,0.051471638067878286,0.005924937307900657,0.42242316331181107,6.50000475594063,117.21469365636497
245,245.0,0.5908039426213711,3.611054759280622,303.4003682054576,402.6512920608992,70.89620575660561,52.958224518521895,6.539601358431832,0.051364502799787326,0.005892916984685353,0.42001274111905845,6.488327026719557,117.00008560693134
246,246.0,0.5762175259282699,3.536305493036803,297.934015306123,400.81340889178506,70.8051486643676,52.793083399549914,6.508823148971318,0.051257060620716846,0.005861283633921916,0.4176259982310959,6.476891788134179,116.78988648095203
247,247.0,0.5619912204958867,3.4630460437399053,292.56614678612067,398.91105182943954,70.7164058103514,52.62919843172073,6.478229181018437,0.05114932167178379,0.005830027637666645,0.4152626510231867,6.465696596363846,116.58405218641524
248,248.0,0.5481159105852502,3.3912473268567025,312.06860617535364,397.17205940072705,70.62994974119897,52.46656468569384,6.447831571018159,0.05104129272591985,0.005799134363696798,0.4129222322156814,6.454738806417215,116.38253873454923
249,249.0,0.5345834449534359,3.320884189596257,306.44608198671534,395.58764127858086,70.54575983572147,52.30518077434598,6.418068658248444,0.0509329879952345,0.005768603309979482,0.410604750117265,6.4440164341713295,116.18529851550986
250,250.0,0.5213850734523905,3.251928291129767,300.92485674592393,393.9313940850676,70.46380864079703,52.14504124756473,6.3888637361532075,0.050824428683218674,0.005738443226064742,0.40831047608211535,6.4335268499318055,115.99229581508393
251,251.0,0.5085125459765429,3.184353026089479,295.50310482551623,392.20642079616096,70.38407036686996,51.986141566112764,6.360002976038616,0.050715630014699406,0.005708653828272532,0.40603941097253954,6.423267654098123,115.8034832987725
252,252.0,0.49595781714153386,3.118132248648713,290.17903375868514,390.41573557513107,70.30651957450104,51.82847696691072,6.33130628860761,0.05060660110714458,0.005679225481188022,0.40379125398287485,6.413236455177122,115.61881777376622
253,253.0,0.4837128394970989,3.0532392756572224,309.7245056863408,388.7871834905981,70.23112986080717,51.67204132157535,6.302785803273814,0.05049734766416129,0.005650143547032834,0.4015655217069952,6.403430673116071,115.4382561931882
254,254.0,0.4717704245568559,2.989651029376515,304.1442147036596,387.3119854415698,70.15788133711932,51.51683199497239,6.274880185046607,0.05038788300067878,0.005621407491281278,0.39936220546231205,6.393848359379891,115.26175211608927
255,255.0,0.46012284824444594,2.9273415260384676,298.66446183283324,385.7637444318455,70.08674761441829,51.36284243530044,6.24751270892008,0.05027822727409055,0.005593026088166236,0.39718156222451395,6.3844869536027655,115.08927046883804
256,256.0,0.44876282976367454,2.8662863760808595,293.28343513900757,384.14557175217914,70.01770386233002,51.2100670304316,6.22046965878639,0.05016839472266766,0.005564999058830447,0.39502357824486123,6.375344116759956,114.92076516484978
257,257.0,0.43768326898164367,2.8064616180680972,287.9993555991259,382.46048997749386,69.95072560272251,51.058499992794026,6.1935710600142615,0.0500583934868477,0.005537316777770809,0.3928879387123227,6.366417519688094,114.7561941016792
258,258.0,0.42687706176282875,2.7478428077554673,307.5841024470483,380.9363513648091,69.88578749779221,50.90813425099819,6.166829073638903,0.04994822825128098,0.00550996462835295,0.39077414724828796,6.357704656484963,114.59551535438568
259,259.0,0.41633786824488755,2.6904088014261345,302.0423746675664,379.5643882310902,69.82287041106433,50.758966162347186,6.140682687698166,0.04983791147338712,0.005482942068962174,0.3886821811019268,6.349203623395204,114.43868381672934
260,260.0,0.4060588702999701,2.6341358101056382,296.60049028150047,378.1182105628515,69.76194902683383,50.61098831753772,6.115055178984595,0.049727462314790964,0.005456257922474443,0.3866122858715097,6.340911937545736,114.28566522111367
261,261.0,0.3960336425593325,2.57900150663652,291.2566498560786,376.6009383826337,69.70299948306602,50.46419426476938,6.089732954735292,0.04961689407419386,0.005429911938513083,0.38456443608499097,6.3328273282796275,114.13641487582325
262,262.0,0.38625591908736356,2.5249839616127403,286.0090866432736,375.0156030649001,69.6459982698354,50.3185774185371,6.064536165176556,0.049506213962020804,0.00540389452426715,0.38253830574419456,6.324947536056602,113.9908919090333
263,263.0,0.3767194286723458,2.4720608122330097,305.6296955796899,373.5900645350475,69.59092111654765,50.17412998606163,6.039477018263641,0.04939542569459378,0.005378191106378824,0.3805333882914319,6.317270135708249,113.84905564901882
264,264.0,0.36741857954600615,2.4202127123090427,300.1231799162328,372.31556661220657,69.53774964755625,50.030847525873824,6.014994820357126,0.04928454091178122,0.005352801157381246,0.3785496495057652,6.3097932750448615,113.71086244274848
265,265.0,0.35834735343275786,2.3694179109502964,294.7158732996693,370.9657267083649,69.48645961831558,49.88872198205835,5.9910128669484655,0.04917357782985559,0.005327733568426743,0.3765873262582518,6.302514554413442,113.5762789508075
266,266.0,0.34950007988875315,2.3196559954621985,289.4059877122812,369.54367385963616,69.43702813380038,49.74774626465817,5.967317696656323,0.04906254885497187,0.005302988137148954,0.37464638390725213,6.295431777031804,113.44526197944195
267,267.0,0.3408712291684067,2.2709069217550115,284.191767613953,368.05244849699307,69.38943264922628,49.607913185797976,5.943729592118352,0.0489514603145152,0.0052785553221941445,0.3727264877574343,6.288542758087854,113.31777198657247
268,268.0,0.33245526548011695,2.223150257083888,303.84512237057675,366.7199185518835,69.34364995365794,49.46921442210741,5.920260820594586,0.04884031500691473,0.005254420611629688,0.37082712353442676,6.281845157608902,113.19376964558138
269,269.0,0.3242472565892366,2.176368321719904,298.37075893874743,365.53733933872996,69.29966243237762,49.33164491382351,5.897351000433799,0.04872912379437499,0.005230583509740197,0.3689482478474334,6.2753371798189015,113.07321283696022
270,270.0,0.3162418903715037,2.130541252638169,292.9950253328571,364.27833600289154,69.2574469010709,49.19519613954538,5.874923459803039,0.04861790399789439,0.005207052991824055,0.3670900911691606,6.26901651205115,112.95606923674023
271,271.0,0.30843416261295575,2.085650409958722,287.7161439577177,362.94604676096344,69.21698142231695,49.059860544357335,5.8527648744087015,0.04850666717775882,0.005183828919460852,0.3652526119362983,6.2628810350683475,112.8422972169207
272,272.0,0.3008191932649504,2.0416774946190097,282.5323695067781,361.5435212462984,69.17824440575262,48.925630505909275,5.830695664597044,0.048395418824872055,0.005160901818024984,0.36343546894611073,6.256928642134915,112.73185863123025
273,273.0,0.29339209584006504,1.9986038593621123,302.2156246083741,360.2986356131717,69.14121368512919,48.7924973335485,5.808728166793951,0.04828416086963593,0.005138257251692196,0.36163814236737796,6.251157081234795,112.62471555842848
274,274.0,0.28614851961125043,1.9564133658855098,296.7706194218838,359.20265658783916,69.10587240023457,48.660455504457985,5.7873023036962286,0.04817290343611001,0.005115894770941257,0.3598605816675939,6.245564616301696,112.52082746222631
275,275.0,0.27908377585702254,1.915087895942168,291.42371517549736,358.0292172425703,69.07219840937393,48.52949618637103,5.766341447575736,0.04806166299940763,0.005093823447822893,0.3581030129569123,6.240149023853779,112.42016309343052
276,276.0,0.2721934483186653,1.874610447675323,286.1731437903256,356.7814650443044,69.04017071719004,48.39961150740444,5.745632414946741,0.047950450319960244,0.005072043220677679,0.35636538971945714,6.234908264401939,112.32268242936803
277,277.0,0.2654732303129001,1.8349643337002175,281.0171693037436,355.4624588809078,69.00976867122267,48.27079355401708,5.72499576723997,0.047839270098030386,0.005050544693847088,0.3546473661612917,6.229840311234531,112.2283487592349
278,278.0,0.2589188086025291,1.7961325549840357,300.72772653705243,354.30008324413365,68.98097112933094,48.14303340714903,5.704443917729283,0.04772812344497877,0.005029313519292991,0.35294841877874444,6.2249430016988025,112.13712560222156
279,279.0,0.25252634521500017,1.758100396045218,295.30952840192833,353.28561612469105,68.95376197446538,48.01632521373858,5.684417084792118,0.04761701978562617,0.005008349305387509,0.3512684916780712,6.220214661499389,112.04897403057845
280,280.0,0.24629170175961243,1.7208513478571859,289.98894828202987,352.19269861888677,68.92812008493298,47.890659961749826,5.664838694020532,0.04750597479761332,0.004987661230719688,0.34960780837646194,6.215653157294157,111.963863906989
281,281.0,0.2402109808544189,1.6843699189958599,284.76422678732854,351.0244874324192,68.90402538731625,47.766029587960595,5.6454957047729035,0.04739499848661109,0.004967249320504837,0.3479663191213094,6.211256530382712,111.88175683129482
282,282.0,0.23428038181766345,1.64864090765042,279.63363648683276,349.7840506812517,68.88145814622436,47.642426009101996,5.626208821312912,0.04728409480711515,0.0049471042676674975,0.3463436751953805,6.207022834915977,111.80261754688881
283,283.0,0.22849609749833463,1.6136488333319414,299.3691234142673,348.69928122356055,68.86039821889415,47.51984019494064,5.606990539569696,0.047173264099300956,0.004927211821035595,0.34473935105716735,6.202949997941719,111.72641102848758
284,284.0,0.22285474208909448,1.5793802914162511,293.9754028308636,347.76146811426145,68.84083021644845,47.3982660751034,5.588281364145882,0.047062515126845464,0.004907571656198768,0.3431532870074601,6.199036408020903,111.65309996295093
285,285.0,0.2173526630066204,1.5458202542781911,288.6788593047133,346.74426049008974,68.82273401091247,47.277694568079156,5.5700047812505895,0.04695186281712158,0.004888193065642021,0.34158570549918416,6.195280021927717,111.58265534437625
286,286.0,0.21198642078303,1.5129546207053193,283.4777413791565,345.65082421609173,68.80609042733751,47.158117525161316,5.551947893703382,0.04684131646500496,0.004869076169238477,0.34003655502960756,6.191678961876913,111.5150403946989
287,287.0,0.20675266128845857,1.4807695557405955,278.3703294131629,344.48423654461624,68.7908806234342,47.0395267955349,5.533931548979337,0.046730879322934474,0.0048502117558503095,0.3385054854015328,6.188231362850624,111.45022131378443
288,288.0,0.20164802414786798,1.4492509754557104,298.12857975359805,343.47239865783644,68.77708542809478,46.92191333592488,5.51596832986336,0.0466205510064256,0.004831585678013992,0.33699197044455653,6.184935241097777,111.38816453131123
289,289.0,0.1966695223183383,1.4183866808362768,292.75720965194176,342.6066104314024,68.7646901629819,46.805270954019115,5.498499017144475,0.046510339655136554,0.0048131976858107415,0.33549594800657645,6.181789048356184,111.32883433975998
290,290.0,0.19181393205201083,1.388163005633284,287.48261396950375,341.66052899179124,68.75367566495507,46.68959059079267,5.481447163288431,0.046400259491986715,0.004795057190896828,0.3340176407877786,6.1787908307313995,111.27220287041132
291,291.0,0.1870782179946701,1.3585671260239158,282.3030484931921,340.6373292280327,68.74402363169553,46.57486410048271,5.464600014005239,0.046290319143729185,0.00477716441358273,0.33255699681516965,6.17593879076829,111.2182349531652
292,292.0,0.18245942010315883,1.3295864625741647,277.2168006947484,339.5400973833983,68.73571608784715,46.461083349928096,5.447778559214745,0.04618052120313581,0.004759510244080339,0.33111366565251654,6.173231143573151,111.16689823382923
293,293.0,0.17795457240621848,1.3012082136125618,296.99583640916086,338.5967428627367,68.72873480416223,46.34823936414348,5.430995471387032,0.04607086460610054,0.004742080643557944,0.32968712170630776,6.1706659934497035,111.11816058431671
294,294.0,0.1735610395551755,1.2734212871671369,291.6448745583228,337.7985760841359,68.72306579335736,46.23632590878112,5.414691797049941,0.04596135690429323,0.004724875442098414,0.3282773015409305,6.168241855039146,111.07198788209466
295,295.0,0.1692759763358971,1.2462132660691685,286.39031947855636,336.9192620579222,68.71869082648375,46.12533402316602,5.39879115913879,0.0458520116604623,0.004707904174027127,0.3268844292202769,6.165956862407883,111.02835339070464
296,296.0,0.16509670402829116,1.2195724983833955,281.2304335705192,335.96198451610815,68.71559244641752,46.01525563760175,5.383080944697399,0.04574283687449203,0.004691167164156197,0.32550845339513274,6.163809297298648,110.9872235233419
297,297.0,0.16102061037463358,1.1934875561599605,276.1635108004135,334.9298385037069,68.71375351710184,45.90608270687689,5.36738228437487,0.04563383452043693,0.004674655407797808,0.3241490244493619,6.16179745371659,110.94856735137566
298,298.0,0.15704507756384908,1.1679468132407438,295.96152573422853,334.05074149885854,68.71315672000573,45.79780639090486,5.351707941991793,0.04552500289800296,0.00465835497803645,0.3228056183899018,6.159919522380532,110.91235416689861
299,299.0,0.15316778044728419,1.1429401926885527,290.62919868025335,333.3160141562773,68.71378873817453,45.69042047962162,5.336499219106652,0.04541634900571127,0.004642265788954429,0.321478171502365,6.158174080105409,110.87855140284958
300,300.0,0.14938620793408117,1.118456421691697,285.39294269842514,332.49932921932515,68.71563224511159,45.583916172483455,5.321679812114099,0.0453078857887854,0.004626397499534722,0.32016691015618975,6.156559347104734,110.84713344189737
301,301.0,0.14569799603698325,1.0944849218577042,280.25102622810124,331.6038790453126,68.71867060045979,45.478285535588824,5.307037247024984,0.04519962065998116,0.004610750541693679,0.3188717845535328,6.155073682772246,110.81806824788521
302,302.0,0.1421008394221908,1.071015319797233,275.20174916539025,330.6327672567902,68.72288747893634,45.37352066893843,5.292392792723998,0.045091555014057164,0.004595316018179897,0.3175924467947536,6.1537154583953395,110.79132628990043
303,303.0,0.13859242760847756,1.048037065485308,295.0170941122617,329.81391921711503,68.72826644080246,45.26961292110234,5.277759305064976,0.04498368655627407,0.004580080115886188,0.316328375347921,6.152482949098835,110.76687825111611
304,304.0,0.13517070906490097,1.0255410113870016,289.70178251183455,329.1386654906514,68.73479481794364,45.16655616072995,5.263578329793386,0.04487602176558278,0.004565042835600851,0.31507950707707344,6.151374792796235,110.74469308377903
305,305.0,0.1318334676164166,1.0035169316702461,284.4822354574203,328.38068636694993,68.74245615399431,45.06434179691948,5.249773638709013,0.04476857301061689,0.004550213961678934,0.3138460714433239,6.150389293705739,110.72474627033222
306,306.0,0.12857861703021356,0.9819552300724353,279.35672690203194,327.5431825819892,68.75123459641152,44.962962079615814,5.236132893765474,0.044661347155164344,0.0045355940345045975,0.3126280209792048,6.149524887017123,110.70700728670332
307,307.0,0.12540412283560004,0.9608464977206006,274.32356215621616,326.6292660841432,68.76111460171485,44.86240929994053,5.222477498959455,0.04455434505251939,0.004521174265401429,0.31142501025280084,6.148780019393978,110.69144796630822
308,308.0,0.12230794583199146,0.9401811684510223,294.15473121972354,325.86686990331145,68.77208057669331,44.76267503770701,5.20882040203693,0.04444756385349132,0.004506940955786861,0.31023652090893994,6.14815304808813,110.67804034909162
309,309.0,0.11928827585139096,0.9199509446418602,288.8549564482876,325.24733417086577,68.78412048018441,44.663753284337645,5.195603382056304,0.04434100954972837,0.004492894194764453,0.3090624911154917,6.147642670779328,110.66675486558634
310,310.0,0.11634315702277981,0.9001465571349782,283.6506663351543,324.54434650580174,68.7972186934557,44.565635697440804,5.182750287425302,0.04423469397243773,0.0044790438916922455,0.3079031540725596,6.14724727331174,110.6575680740279
311,311.0,0.11347074823218758,0.8807593070371729,278.5401398660108,323.76111575694034,68.81136012265223,44.46831474871359,5.170048912182346,0.04412862347300559,0.004465390695780405,0.30675846529100537,6.146965364591883,110.65045091961132
312,312.0,0.11066925404879455,0.8617806665527113,273.5216872959967,322.9007619241689,68.82652997702343,44.37178295646221,5.157320791978783,0.04402279839944794,0.004451925927034324,0.305628082428108,6.146795464546086,110.6453765626539
313,313.0,0.1079368747260066,0.8432019679188789,293.3673054364589,322.191225461607,68.84271347762117,44.2760321646624,5.144578965626025,0.0439172153863337,0.004438636001126366,0.304511490892379,6.146736010083747,110.64231836182955
314,314.0,0.1052720130171945,0.8250156898158544,288.081717360029,321.62385571407765,68.85989918822429,44.18105652255896,5.132265434678204,0.043811879968933515,0.0044255210961573884,0.30340863076355545,6.146785757131595,110.64124818150745
315,315.0,0.10267294280050339,0.8072134362047965,282.89135837750865,320.9723473919389,68.87807229535574,44.086847965943086,5.120304124560756,0.04370680347841096,0.00441259124523617,0.30231973950571195,6.14694317061683,110.64214362836871
316,316.0,0.10013803928041733,0.7897873271634108,277.79451206848313,320.23991717353266,68.89721843483798,43.9933992174104,5.108482957223574,0.04360199178866075,0.004399847205872837,0.30124477613849837,6.147206830928707,110.64497707110294
317,317.0,0.09766571798114866,0.7727296388245705,272.78949320350057,319.42969282095345,68.91732353973144,43.90070305000909,5.096623596072113,0.04349744477696437,0.004387280406027301,0.3001834019157604,6.147575328998976,110.64972295671673
318,318.0,0.09525439051247267,0.7560325228528152,292.64830486695615,318.7696219525263,68.9383736133439,43.80875159647151,5.084739169591983,0.04339315859806396,0.004374877374536754,0.2991351064828466,6.148047178797832,110.65635592198157
319,319.0,0.09290264746792612,0.7396891662098732,287.3756706765385,318.25106276614537,68.96035780246913,43.71753919111839,5.073271891145352,0.0432891383604191,0.004362638378402557,0.2980998323352026,6.148621192848286,110.66484921836097
320,320.0,0.09060896550201973,0.7236919688333282,282.1980322246144,317.64771681050416,68.98326206685729,43.62705806969443,5.062145762839984,0.04318539493074972,0.004350573572513977,0.29707782161824603,6.149295912510974,110.67518147126916
321,321.0,0.08837191072238895,0.7080337974134641,277.11367728527205,316.962808295975,69.00707274332333,43.53730122730981,5.051148830304986,0.04308193373869388,0.004338683821399391,0.29606903728646966,6.150069987323122,110.68732642519753
322,322.0,0.0861900848224073,0.6927076608257717,272.1209247519817,316.1994724481067,69.03177646016684,43.44826171200217,5.040102880365716,0.042978754223704556,0.00432696065956946,0.2950731445973651,6.150942076871448,110.7012597718162
323,323.0,0.0840620859636021,0.677706457331947,291.9917834872852,315.58566377680063,69.05735997139692,43.35993196272533,5.029021129331467,0.04287585209531591,0.004315390727260015,0.2940896378060989,6.151910769512594,110.71695738368605
324,324.0,0.08198667046016075,0.6630240194445546,286.73097750355817,315.11274896932457,69.08381298513338,43.27230651941544,5.018345991873768,0.04277323206338045,0.004303974379626834,0.2931184622354705,6.152974932627283,110.7343938512267
325,325.0,0.0799624939336777,0.6486534719979405,281.56495418188763,314.5544361482575,69.1111222028517,43.18537793279386,5.008001545927483,0.042670904563990045,0.004292721890774918,0.2921598650347884,6.154133181299363,110.7535487872911
326,326.0,0.07798829096558373,0.634588361633921,276.4920051262067,313.9139567510718,69.13927463414454,43.099139485655506,4.997775956338209,0.04256887461411643,0.004281634230374935,0.29121381342841346,6.155384231819317,110.77439726338854
327,327.0,0.07606282754466157,0.6208223644140831,271.51045299454574,313.1944531613182,69.16825757447293,43.013584515032846,4.987491128804595,0.04246714124664868,0.004270703037514132,0.29027997699588404,6.156726810025746,110.79691617274771
328,328.0,0.07418486648738085,0.607349058158888,291.3923119726987,312.62388649954045,69.19805849758929,42.92870577749785,4.977160365240604,0.042365699758753116,0.0042599150615104595,0.2893578548873388,6.158159575948812,110.82108258046343
329,329.0,0.07235331031965425,0.5941628631837437,286.14230633662413,312.19363157835494,69.22866765159868,42.8444980333897,4.967226271365209,0.042264554488524134,0.0042492707443918505,0.28844739558328625,6.159681450034482,110.84687236707862
330,330.0,0.07056697261397692,0.5812575638450677,280.9868888028693,311.6774028224025,69.26007244885241,42.76095415770307,4.957612999657564,0.04216371547347769,0.004238780476438177,0.2875488514765776,6.161291118354442,110.87426610062067
331,331.0,0.06882473663137346,0.568627325432562,275.92435447227143,311.0784385874264,69.2922605440873,42.6780677306087,4.948108829558513,0.04206318734788461,0.0042284453301050335,0.28666219431671564,6.16298736153044,110.90324013037996
332,332.0,0.06712551335226423,0.556266430926731,270.95302944021404,310.39988810624516,69.32521987244651,42.595832386841074,4.938535780950603,0.04196296876771438,0.00421825704662128,0.28578709824606197,6.164768969228299,110.93377250754791
333,333.0,0.06546821091879183,0.544169076105937,290.84493279753906,309.86971882444476,69.35893859716765,42.51424120685874,4.9289072388434745,0.041863054648854994,0.004208202481629244,0.28492306751822427,6.166634670430487,110.96584144610938
334,334.0,0.0638518608610281,0.5323302160155395,285.60478896993396,309.4793133181702,69.39340748542733,42.43328918129244,4.919665990016327,0.04176344898315263,0.004198282162308849,0.28407005403036584,6.168583436828164,110.99942406774878
335,335.0,0.06227541615212306,0.5207442345063703,280.45905559247814,309.00239203834025,69.42861463034545,42.352969513882826,4.910736259862535,0.0416641614398679,0.004188506591700222,0.28322831558640416,6.170614022747761,111.03450186290695
336,336.0,0.06073789126406534,0.5094058592311054,275.4060309589295,308.4421999492194,69.46454830482935,42.2732760872441,4.901906437699631,0.04156519629893994,0.004178876942302826,0.28239782864669827,6.172725270718257,111.0710524094597
337,337.0,0.05923832513317894,0.49830992477341607,270.4440443032667,307.80189282375704,69.50119705689575,42.194202838055794,4.892998652821075,0.041466551867473174,0.004169385054686258,0.2815782720895655,6.174916031810384,111.10905487292864
338,338.0,0.0577757541649922,0.48745118835518464,290.3451192368339,307.3094441453657,69.53854970978303,42.11574317263247,4.884026370600837,0.04136822270945345,0.004160017887712533,0.28076915541399594,6.177185101252723,111.14848857258691
339,339.0,0.056349323715131246,0.4768250910501211,285.1139802366055,306.9562438962341,69.57659752930613,42.0378923176407,4.875432549195358,0.0412702124946729,0.004150776051640798,0.2799704341302697,6.179531500154185,111.18933182254902
340,340.0,0.05495810978415683,0.4664265611700773,279.97708947262464,306.51601827667133,69.61532926005027,41.96064380601131,4.867141485004594,0.04117253055276604,0.0041416701585712135,0.2791823715584619,6.181954048386123,111.23156700277532
341,341.0,0.05360124263874894,0.45625083713148984,274.9327481540258,305.9920185512858,69.65473376683275,41.88399182400017,4.858941672458687,0.041075180836149784,0.00413270147800675,0.2784049489951225,6.184451647977971,111.27517287095021
342,342.0,0.05227787413696981,0.44629325442535067,269.97928838059835,305.3874067260184,69.6948001844557,41.80793061074598,4.850655345455384,0.04097816132956628,0.004123861946772855,0.27763785016899883,6.1870232090036446,111.32012966360348
343,343.0,0.05098715388696298,0.4365490799454118,289.8887379305365,304.93016203581834,69.73551796749601,41.73245389681931,4.842296046837323,0.040881466272806616,0.0041151386235808675,0.27688058990885206,6.1896675902644285,111.3664177620656
344,344.0,0.04972832768027843,0.4270141961667424,284.665821247396,304.6116815175423,69.77687886048949,41.65755714718842,4.834306896781728,0.04078509903651667,0.004106532199417552,0.2761331274801027,6.192383860467466,111.41401662475971
345,345.0,0.04850058009348592,0.4176840254792428,279.5370046832564,304.2056968452727,69.8188722310278,41.583234221088745,4.82661226057023,0.04068906863768992,0.004098053391532917,0.27539573177034304,6.195170902358357,111.46290948841438
346,346.0,0.04730314358292342,0.4085542698255351,274.50059210922484,303.7154652794236,69.86148751032485,41.50947960640964,4.819000732979507,0.04059337872651342,0.0040897035631664415,0.27466838898551554,6.198027675092033,111.51307624245042
347,347.0,0.04613526966063143,0.39962071920601094,269.55491824183304,303.1441547557725,69.90471439463107,41.43628784217976,4.811294647713251,0.040498026990361695,0.004081474744100965,0.27395078776868265,6.200953145378226,111.5644981516566
348,348.0,0.04499620784366048,0.3908791028240494,289.47201470083604,302.7197499775387,69.94854294205274,41.36365297869609,4.803507622072404,0.04040300737092036,0.00407335408933089,0.2732424483133589,6.203946232963547,111.61715661680807
349,349.0,0.04388529254736725,0.3823257037166622,284.25660582388025,302.4336546924415,69.99296535646583,41.29157071860166,4.796082929241125,0.04030832296134437,0.004065342368003786,0.2725433337349248,6.2070060523533295,111.67103219334385
350,350.0,0.04280180416945445,0.3739563922871086,279.1351618203098,302.0596057759477,70.03797160087751,41.220035241832775,4.788945001092541,0.040213982491379315,0.004057450398464027,0.27185371849390294,6.2101315465476805,111.72610894235993
351,351.0,0.04174506534933189,0.36576729081566406,274.10598899183907,301.60086618507023,70.08355164815202,41.14904133327847,4.781882528018101,0.0401199893328052,0.004049679634256239,0.2711735937340838,6.213321729494736,111.78236783785825
352,352.0,0.040714415544129204,0.3577546014020324,269.16742444432856,301.06060948788024,70.12969573141916,41.078583826770014,4.774717938772263,0.04002634089916368,0.004042022194668999,0.270502653033363,6.216575622217178,111.83979113090525
353,353.0,0.03970919244610453,0.34991447228579015,289.09150333985525,300.66682557733947,70.17639448537518,41.008657085430286,4.767464922031406,0.03993303085856106,0.00403446532727725,0.26984042194284424,6.219892202835438,111.8983611999092
354,354.0,0.03872880867346667,0.34224354973846227,283.882949848501,300.4109245769799,70.22364055440354,40.93925704657106,4.760566895326219,0.03984006204710211,0.004027009876662087,0.2691868674819676,6.223270629880962,111.95805965103789
355,355.0,0.03777262918774832,0.334738110111838,278.76823773798,300.0666482960837,70.27142447021524,40.8703782030409,4.753948354710495,0.03974744293114219,0.00401966675811645,0.2685422696505998,6.22670990404819,112.01887133785732
356,356.0,0.03684005621549886,0.3273946565850076,273.7456755293711,299.6372650957638,70.31973672335403,40.80201562997577,4.74739808152302,0.03965517662645827,0.004012437511947594,0.26790662452068753,6.230209091796707,112.08077827286742
357,357.0,0.03593050682576628,0.32020976463817297,268.8136025102209,299.1259538857673,70.36856806003564,40.734164448897054,4.740738594885786,0.03956326029488578,0.004005314343396464,0.26727963058855836,6.233767266191196,112.14376365234072
358,358.0,0.035043396529482136,0.3131799620562483,288.7440571096231,298.76070947639056,70.41790966548282,40.66681932696815,4.7339836517309095,0.039471687353973044,0.003998284588830531,0.26666081872006064,6.237383461217289,112.20781079144152
359,359.0,0.03417820695367295,0.3063022242669401,283.5417632780276,298.5329480416264,70.46775460630514,40.599976431233124,4.727576805634994,0.03938046040204147,0.0039913491654235324,0.2660501598578767,6.241056877694649,112.2729023019112
360,360.0,0.033334377688307916,0.29957319520227416,278.4331980664137,298.2164160631083,70.51809395708723,40.53363055794236,4.7214426143392,0.03928958766443726,0.0039845190812273674,0.26544793947481,6.244786571517502,112.33902379850367
